Video_ID,Title,Published_At,Views,Likes,Comments,Duration
Tbn4cYCaZCk,"Drift This Car, Win $10,000",2025-04-16T17:00:15Z,112253573,1881343,3730,PT20S
figrl0aOULs,Watch This Video To Feed 1 Person In Need,2025-04-12T16:00:01Z,37468209,2971039,56152,PT10M29S
Uxc84UUrVHk,You Can Stop Child Labor,2025-04-11T16:00:01Z,49614534,2257726,13707,PT58S
BzKaMelDzqo,How Fast Can I Go?,2025-04-05T16:00:12Z,106533318,2026506,6854,PT18S
4yx9ZJDfyKk,Baseball Tic Tac Toe vs MLB Pro,2025-03-27T16:00:00Z,40811170,1191406,7192,PT27S
kPa_S6jN9ls,Could You Win This Obstacle Course?,2025-03-25T16:15:01Z,58065768,1256688,9828,PT34S
69g-YcbmgQA,"Find Your Dog, Win $10,000",2025-03-23T16:00:01Z,212280883,7962359,7459,PT36S
aKq8bkY5eTU,I Survived The 5 Deadliest Places On Earth,2025-03-22T16:00:00Z,96780269,2576886,50869,PT13M23S
TNtpUQbW4mg,This Is How The Pyramids Were Built,2025-03-18T16:00:00Z,127834823,5008627,13267,PT13S
TgCm8oDmxOk,I Crashed One Of The Most Expensive Cars In The World,2025-03-14T16:00:00Z,59400787,1960021,6297,PT16S
954wJ3uHVAk,Last One To Fall Wins,2025-03-08T18:05:23Z,92898799,3348653,7310,PT30S
zajUgQLviwk,"Last to Leave Their Circle Wins $500,000",2025-03-01T17:00:01Z,102927568,2321050,73247,PT38M38S
PXevNM0awlI,"Highest Away From Me Wins $10,000",2025-02-28T17:00:00Z,222910351,7859690,8965,PT50S
PuQ5UxKUY48,"Find The Human, Win $10,000",2025-02-24T17:00:02Z,170449377,5571613,6975,PT41S
L5ihmu87xTE,"Find This Stranger, Win $10,000",2025-02-19T18:00:00Z,293680108,12061912,9380,PT1M1S
nAiKLoCP-kU,"Reach the Money, Win $10,000",2025-02-14T18:15:00Z,241642473,5910400,7101,PT25S
NDsO1LT_0lw,I Spent 100 Hours Inside The Pyramids!,2025-02-08T17:00:00Z,179840162,5019592,98743,PT21M43S
sF5LYGgKbUA,Every Minute One Person Is Eliminated,2025-01-25T17:00:01Z,108291063,2741410,71953,PT34M46S
MFpWEKN9c6Y,"Last Person Hanging Wins $10,000",2025-01-21T17:00:03Z,311153606,10131944,11538,PT43S
TRxMLLuWIhw,Subscribe For An iPhone,2025-01-17T17:00:00Z,135133398,16395923,170990,PT17S
SM66GDRyIVY,"I Helped 2,000 People Walk Again",2025-01-11T17:00:02Z,99110940,2775284,52805,PT15M31S
EvqtfK_RaRg,This obstacle course is WILD,2025-01-10T17:00:00Z,120878425,3198903,4757,PT32S
3cWm9B_0_kI,How Many People To Stop Ronaldo?,2024-12-27T19:00:00Z,283137737,9376280,21185,PT21S
qtWqHIx8Z-o,"Last Person Standing Wins $10,000",2024-12-22T17:00:01Z,363378914,10518569,7433,PT48S
gs8qfL9PNac,"2,000 People Fight For $5,000,000",2024-12-19T17:00:00Z,166639129,4434664,49877,PT24M45S
DBPYB8WkkDc,Bring Me Back Snow From The North Pole,2024-12-10T17:00:00Z,333245753,14014804,10213,PT55S
zvBXpoBegwE,I Got T-Series To Subscribe To Me,2024-12-09T17:00:01Z,112225679,6653624,11617,PT31S
SWc8fI_9iqA,Ronaldo Teaches Me How To SIUU,2024-12-01T17:00:00Z,205779149,7885688,28671,PT15S
0BjlBnfHcHM,"Beat Ronaldo, Win $1,000,000",2024-11-30T17:00:00Z,254882619,7492194,112842,PT22M45S
HcL1EQ5qD_g,Confronting Ronaldo,2024-11-29T17:30:10Z,155230098,10624203,19349,PT21S
dc089EZRGcg,How Many Balloons To Make A Store Fly?,2024-11-18T19:00:00Z,343181070,9597017,9612,PT22S
vXNtju4VFm4,Restocking MrBeast Labs at Walmart,2024-11-18T17:00:00Z,182084264,4329160,3331,PT36S
I9mw5UlDyPI,This Game Is Wild...,2024-11-12T17:00:00Z,497026346,12240144,7526,PT19S
pS-fFdvyHLE,How Much Tape To Stop A Lamborghini?,2024-11-08T17:00:00Z,595160751,13153410,17673,PT15S
Xj0Jtjg3lHQ,"$1 vs $500,000 Experiences!",2024-11-02T16:00:00Z,229725636,4871635,55540,PT17M40S
9UtcHPCEBgg,1 Subscriber = 1 Penny,2024-10-19T18:00:00Z,273880152,15073464,21426,PT17S
ZNt_GoOBHq8,Human vs Jet Engine,2024-10-17T19:00:00Z,420767585,12410646,15249,PT19S
bn0Kh9c4Zv4,7 Days Exploring An Underground City,2024-10-12T16:00:00Z,141016448,3473055,31767,PT20M35S
dDVFnfCwjHA,Will A Basketball Boat Hold My Weight?,2024-10-11T16:00:01Z,299390225,9209408,5857,PT30S
Kt2HvqRruHQ,"Find The Real MrBeast, Win $10,000",2024-10-05T16:00:00Z,259412012,9169045,6138,PT37S
vDrSCXFMAKk,"Spot The Difference, Win $10,000",2024-09-28T20:00:00Z,203005844,7474182,4943,PT58S
snX5YyflrGw,"100 Identical Twins Fight For $250,000",2024-09-28T16:00:00Z,149927475,3168473,27319,PT35M40S
nbzQdlWrcnk,Running With Bigger And Bigger Lunchlys,2024-09-20T16:00:00Z,268589869,7679586,9479,PT18S
8krJy31Diow,Holding Bigger And Bigger Dogs,2024-09-16T18:00:00Z,244575432,7358426,8049,PT17S
aRcUVhVlSHg,"Men Vs Women Survive The Wilderness For $500,000",2024-09-07T16:00:00Z,167137153,3983767,49011,PT31M48S
Jo7sfpeWqwE,Will A Guitar Boat Hold My Weight?,2024-09-05T16:00:01Z,649908285,17394747,14401,PT20S
QtD-CeUdRUQ,"Real Or Cake For $10,000",2024-08-29T16:00:00Z,162658246,6824551,13367,PT37S
ndAQfTzlVjc,7 Days Stranded In A Cave,2024-08-17T16:00:00Z,146689501,4432502,93268,PT17M59S
AydS-vA3qa4,Running With Bigger And Bigger Feastables,2024-08-15T23:00:00Z,375418121,11703612,28876,PT17S
UPrkC1LdlLY,"Survive 100 Days In Nuclear Bunker, Win $500,000",2024-08-03T16:00:00Z,276861671,5864888,85873,PT32M21S
8bTQMDM4qvY,"Spot The Fake Animal For $10,000",2024-07-19T16:00:00Z,497267987,15973055,27867,PT40S
DBw0oD38z0Q,This Game Is Wild,2024-07-17T16:00:00Z,209394606,6006092,11866,PT21S
4SNThp0YiU4,"50 YouTubers Fight For $1,000,000",2024-07-13T16:00:01Z,350257395,9272433,346089,PT41M27S
XhuisK0bTSA,Pass The Phone To‚Ä¶,2024-07-11T17:00:01Z,208445314,10418793,49393,PT1M
lkCRPp7cnP8,How Many Balloons Does It Take To Fly?,2024-07-10T17:00:00Z,478229413,19699033,50637,PT18S
KkCXLABwHP0,I Built 100 Houses And Gave Them Away!,2024-06-29T16:00:00Z,187206406,7599932,289472,PT9M36S
PWirijQkH4M,World‚Äôs Deadliest Obstacle Course!,2024-06-15T16:00:01Z,307394581,6449169,143525,PT28M25S
U_LlX4t0A9I,"$10,000 Every Day You Survive In The Wilderness",2024-06-01T16:00:00Z,270200828,8162920,331911,PT26M10S
T8I165Qxeo8,Sprinting with More and More Money,2024-05-30T16:00:01Z,299491792,11792778,85457,PT29S
i-9V21MqlhY,Giving 1000 Phones Away,2024-05-28T16:00:00Z,289487965,21881217,795992,PT18S
YyNz4--6fro,World‚Äôs Smartest Dog,2024-05-16T16:00:00Z,214987322,9639459,33225,PT12S
f0cXJ6mJxGc,Bottle Head Smashing World Record Attempt!,2024-05-14T16:00:00Z,443905920,12102145,48628,PT38S
F6PqxbvOCUI,"Protect The Yacht, Keep It!",2024-05-11T16:00:00Z,148934276,4107282,80789,PT15M8S
oA4LSZvX4iE,Ages 1-100 Try My Chocolate,2024-05-09T16:00:00Z,240674735,9472333,33554,PT39S
ZKxnjszkZto,"Spot The Hidden People For $10,000",2024-05-08T16:00:01Z,183885420,6226547,11671,PT35S
8_gdcaX9Xqk,"Would You Split Or Steal $250,000?",2024-05-03T16:00:00Z,184118892,10945310,28009,PT1M
snUyLbGx6U4,"Buy Feastables, Win Unlimited Money",2024-04-30T16:00:00Z,305706759,11444808,24637,PT51S
Pv0iVoSZzN8,In 10 Minutes This Room Will Explode!,2024-04-27T16:00:00Z,149337851,4103768,78153,PT10M
CWbV3NItSdY,The World's Fastest Cleaners,2024-04-25T16:00:03Z,659500771,26007594,42435,PT35S
l-nMKJ5J3Uc,"Ages 1 - 100 Decide Who Wins $250,000",2024-04-20T15:59:59Z,269603093,6018904,210563,PT40M2S
XE1Qyss8GIY,"Guess The Gift, Keep It",2024-04-09T17:00:00Z,476306777,18405166,23459,PT46S
6GzHPS0rEgc,"I‚Äôm Giving My 250M Subscriber $25,000",2024-04-06T19:45:00Z,112347266,7599659,50298,PT21S
imhY0pe-Sd8,"Anything You Touch, You Keep!",2024-04-02T16:00:03Z,224955031,9810831,15105,PT48S
erLbbextvlY,7 Days Stranded On An Island,2024-03-30T16:00:01Z,338203342,6818332,143112,PT22M26S
OnTTThIzuNU,"Keep Track Of Car, Win $10,000",2024-03-19T16:00:00Z,161385039,7678749,88552,PT51S
mKdjycj-7eE,"Protect The Lamborghini, Keep It!",2024-03-16T16:00:00Z,205906214,5156620,123977,PT19M1S
tWYsfOSY9vY,I Survived 7 Days In An Abandoned City,2024-03-02T17:00:00Z,268332526,6329813,198545,PT17M24S
sH48lKbayNU,Unboxing My 200M Subscriber Play Button,2024-02-29T17:00:00Z,221465532,13875529,49564,PT46S
AFXoSFNMwIA,I Filled Chandler‚Äôs Car With Feastables,2024-02-27T18:00:01Z,349592329,13605547,25359,PT38S
k194wHZHjB0,Most Expensive Hand Model Holds Feastables,2024-02-24T18:00:09Z,360733912,10336365,7656,PT22S
AjwAdtlRKf8,"Buy Feastables, Win $10,000",2024-02-17T19:00:01Z,338987854,14769128,31154,PT41S
KOEfDvr4DcQ,"Face Your Biggest Fear To Win $800,000",2024-02-10T17:00:00Z,307688827,6292653,223681,PT22M3S
krsBRQbOPQ4,"$1 vs $250,000,000 Private Island!",2024-01-27T17:00:00Z,307422506,5654792,100690,PT16M59S
7ESeQBeikKs,"Protect $500,000 Keep It!",2024-01-13T17:00:00Z,170084920,4680872,70273,PT15M34S
K_CbgLpvH9E,I Spent 7 Days In Solitary Confinement,2023-12-30T17:00:03Z,220872940,5103130,79305,PT20M16S
lOKASgtr6kU,I Saved 100 Dogs From Dying,2023-12-23T17:00:00Z,299513245,6193261,103888,PT15M3S
9RhWXPcKBI8,"Survive 100 Days Trapped, Win $500,000",2023-12-16T17:00:01Z,362136804,6524112,93349,PT27M8S
ZVt9ZJfWV1c,"Feeding A Dog $1 vs $10,000 Steak",2023-12-14T18:00:00Z,472013532,14796866,29392,PT27S
rWBOITBjitE,Could You Walk Up A Skyscraper?,2023-12-05T18:00:00Z,348950892,14080671,27135,PT50S
tnTPaLOaHz8,"$10,000 Every Day You Survive In A Grocery Store",2023-12-02T17:00:00Z,385143702,6836432,83211,PT21M32S
Wdjh81uH6FU,"$1 vs $10,000,000 Job!",2023-11-25T17:00:00Z,247185466,4619640,61210,PT15M39S
7dYTw-jAYkY,I Spent 7 Days Buried Alive,2023-11-18T17:00:01Z,248576282,7438629,113922,PT18M34S
AjZDwxt7S8w,I Gave Away A House On Halloween,2023-11-10T18:00:00Z,318868689,13348835,35757,PT48S
aZnqqXaT02g,Giving Car Keys Instead Of Candy On Halloween,2023-11-09T18:00:00Z,347974790,10581505,14509,PT32S
mwKJfNYwvm8,I Built 100 Wells In Africa,2023-11-04T16:00:00Z,235225005,10278524,212735,PT10M30S
l9_8_pDTmis,"Furthest Away From Me Wins $10,000",2023-11-02T17:00:03Z,598435450,20951511,37326,PT48S
n7x4Jj9pdH8,World‚Äôs Most Expensive Bed,2023-10-31T17:00:01Z,421891006,19956602,33770,PT48S
QjvpjXdgugA,World‚Äôs Deadliest Laser Maze!,2023-10-28T15:59:59Z,258942198,4696279,82519,PT25M59S
jGAJCAuV3pQ,World‚Äôs Most Expensive Coffee,2023-10-19T17:00:03Z,249200383,11050579,27567,PT33S
c0v8OPItCOg,"$100,000,000 Bathroom",2023-10-17T17:00:00Z,314629807,12185146,21894,PT50S
SHOV58tdNiI,Miranda Cosgrove Said What?,2023-10-15T17:00:00Z,245080907,12046500,60628,PT15S
3ryID_SwU5E,"$1 vs $100,000,000 House!",2023-10-14T16:00:00Z,327398167,6042423,131361,PT17M3S
IemzxkkzI5s,I Tipped A Pizza Delivery Driver A Car,2023-10-12T17:30:03Z,584647040,25501999,33128,PT52S
3OFj6l2tQ9s,World's Most Dangerous Trap!,2023-10-07T16:00:00Z,294157803,6537915,149615,PT19M34S
bvlFjrcpD6s,I NEED 1 MORE ùó¶ùó®ùóïùó¶ùóñùó•ùóúùóïùóòùó•,2023-10-05T17:00:01Z,402975704,27391008,78427,PT23S
AZlBZuS4hr0,"Guess The Gift, Keep It",2023-10-03T17:00:00Z,823418699,24725332,20337,PT45S
Gx6VeIIbWwM,"Spot The Hidden People For $10,000",2023-09-28T17:00:01Z,693256472,21400495,28544,PT35S
CAOY8EKH1qU,I Paid A Random Student‚Äôs College Tuition,2023-09-26T16:59:59Z,436703025,23895852,54999,PT37S
IQxea9UB1nQ,"$100,000,000 Car Doors",2023-09-19T17:00:00Z,1007462118,27715967,35777,PT29S
KrLj6nc516A,"$1 vs $100,000,000 Car!",2023-09-16T16:00:01Z,419045790,7476431,150618,PT16M28S
zgLhCT7aFCA,Extreme Home Makeover!,2023-09-12T17:00:00Z,357212780,19052782,44040,PT57S
L5kIXRdwGAI,Katana Vs Bullet,2023-09-07T17:00:01Z,1013533974,36831040,48549,PT41S
19NmWqv4Alk,How Many School Buses Can We Stack?,2023-09-05T16:59:57Z,461243440,15201591,28117,PT45S
vBpQ1SlfVtU,Lamborghini Vs World's Largest Shredder,2023-09-02T16:00:00Z,230597624,5583202,142737,PT14M59S
SGzWIoLAzmY,"Feeding A Cat $10 Vs $10,000 Sushi",2023-08-31T17:00:00Z,346250904,13372308,28331,PT31S
NnNZLCl78Ao,"Make This Kick, Win Super Bowl Tickets",2023-08-25T16:00:25Z,135328920,5160887,8821,PT52S
NTZhwAldqwg,Metal Pipe Vs School Bus,2023-08-22T17:00:00Z,498126603,13691179,28109,PT28S
J_z-W4UVHkw,"Every Country On Earth Fights For $250,000!",2023-08-19T16:00:01Z,231972487,6318105,367049,PT18M13S
mKIhHNznt4s,Can You Beat A Girl In Arm Wrestling?,2023-08-17T17:00:00Z,516899504,20473675,37304,PT52S
jObOjhUkf50,"$1 vs $250,000 Vacation!",2023-08-12T15:59:59Z,333100306,6472097,106727,PT16M7S
O3YVBJ2n5xg,I Ate The World‚Äôs Most Poisonous Fish,2023-08-08T17:30:01Z,454831042,21243706,39042,PT32S
yhB3BgJyGl8,7 Days Stranded At Sea,2023-08-05T16:00:01Z,353346344,7923612,124310,PT18M5S
CP82DAKzL1U,I Traded My Car At a Red Light,2023-07-15T17:00:01Z,615543847,25850544,38738,PT47S
fuhE6PYnRMc,Train Vs Giant Pit,2023-07-08T16:00:00Z,259556360,6468504,129697,PT10M36S
stUofW3whpE,I Buried Treasure in the Bermuda Triangle,2023-07-06T17:00:01Z,459361987,24938353,35069,PT53S
48h57PspBec,"$1 vs $1,000,000,000 Yacht!",2023-06-10T16:00:00Z,451775743,7865482,158617,PT14M47S
ooAwCOP67GQ,Do Pawnshops Scam You?,2023-06-03T16:59:57Z,366543061,15775631,24314,PT33S
FM7Z-Xq8Drc,"Ages 1 - 100 Fight For $500,000",2023-05-27T21:14:59Z,420951857,6647401,118150,PT25M36S
ykRq_rp7NhM,I Got Naruto to Subscribe to Me,2023-05-20T20:00:00Z,287718930,12996551,23594,PT20S
9fNNhWH-P2E,I Made An Egg Sandwich With @BayashiTV_,2023-05-13T17:00:00Z,267664202,12044630,40266,PT41S
WTOm65IZneg,"1,000 Deaf People Hear For The First Time",2023-05-06T19:59:59Z,188560595,5439536,153007,PT6M14S
8kggT2ej-lo,Would You Pet a Cheetah in Africa?,2023-05-01T20:00:02Z,794383282,27664796,39423,PT39S
GGBy50KtvRk,Tipping A Waitress A Car,2023-04-22T20:00:00Z,573202340,27421457,61020,PT38S
Y4-gFIfGXiQ,Would you go on a Blind Date in Italy?,2023-04-15T20:00:01Z,509996461,23385670,27830,PT51S
1WEAJ-DFkHE,"$1 vs $500,000 Plane Ticket!",2023-04-01T20:00:04Z,472673798,8490468,169252,PT12M20S
Y0cBiGUuB1Y,I Sent a Subscriber to Disneyland,2023-03-30T20:00:00Z,607412169,29659508,80183,PT27S
YLt73w6criQ,I Paid A Real Assassin To Try To Kill Me,2023-03-18T20:00:01Z,305865425,6287833,104780,PT12M17S
NPYPXWJBTWM,"$10,000 Girl Scout Cookies",2023-03-11T17:00:47Z,567215045,13444536,18162,PT23S
lglIQkCHO0g,Do Men Lie About Their Height?,2023-02-14T21:00:14Z,480338293,20534351,27528,PT47S
TJ2ifmkGGus,"1,000 Blind People See For The First Time",2023-01-28T21:00:00Z,201933956,10387591,382243,PT8M1S
7IKab3HcfFk,I Survived 50 Hours In Antarctica,2022-12-24T20:59:59Z,229607497,5673941,142857,PT12M10S
h5NvTTOlOtI,Hydraulic Press Vs Lamborghini,2022-12-10T21:00:01Z,251215609,5748669,125125,PT10M25S
se50viFJ0AQ,Would You Fly To Paris For A Baguette?,2022-12-08T20:12:27Z,1529215206,56076431,114974,PT48S
0CTp1a-aCUM,"100 Kids Vs 100 Adults For $500,000",2022-12-03T21:00:00Z,300803072,4790863,92387,PT15M23S
FD-0KG-h2-c,Gordon Ramsay Tries Most Expensive Chocolate Bar!,2022-11-19T20:59:59Z,688343219,29019347,47832,PT40S
kX3nB4PpJko,"Last To Take Hand Off Jet, Keeps It!",2022-11-12T21:00:00Z,223408628,4798799,100042,PT15M37S
YlvcFJOE-OE,Giving iPhones Instead Of Candy on Halloween,2022-11-02T21:00:01Z,1494069471,39996709,136403,PT40S
iogcY_4xGjo,"$1 vs $1,000,000 Hotel Room!",2022-10-22T21:00:00Z,394461229,7352512,114131,PT15M41S
S_CUEOBZ0P4,"The Rock Vs MrBeast For $100,000",2022-10-21T20:00:06Z,658643458,35472591,76596,PT55S
gHzuabZUd6c,"Survive 100 Days In Circle, Win $500,000",2022-09-24T19:59:59Z,352354776,6160918,99601,PT17M10S
65fN_OUawjk,I Hunted 100 People!,2022-09-03T19:59:59Z,230357524,3925095,64904,PT12M3S
jdMNoQE3mIQ,I Survived A Plane Crash,2022-08-20T20:00:00Z,212076693,4181090,73801,PT8M14S
2isYuQZMbdU,"I Gave My 100,000,000th Subscriber An Island",2022-08-04T19:59:59Z,236211383,7020821,225899,PT15M31S
tVWWp1PqDus,"100 Boys Vs 100 Girls For $500,000",2022-07-23T20:00:09Z,254142994,4924820,137161,PT16M53S
vaIgyRoUkQI,I Didn‚Äôt Eat Food For 30 Days,2022-07-02T20:00:02Z,120578945,4211302,106013,PT13M4S
Hwybp38GnZw,I Built Willy Wonka's Chocolate Factory!,2022-06-04T20:00:02Z,342081764,6835883,156519,PT16M11S
hD1YtmKXNb4,"$10,000 Every Day You Survive Prison",2022-04-09T20:00:00Z,233168805,5552494,128291,PT13M59S
LnlKwzc_TNA,"Would You Swim With Sharks For $100,000?",2022-03-19T20:02:32Z,201281099,4178470,87429,PT9M1S
3jS_yEK8qVI,World‚Äôs Most Dangerous Escape Room!,2022-01-29T21:00:01Z,280872966,5568286,130986,PT8M1S
00NgUctWoLQ,"Extreme $1,000,000 Hide And Seek",2021-12-18T21:00:00Z,108295079,3658014,118037,PT12M9S
x9TQ6culXIA,"$1,000,000 Influencer Tournament!",2021-12-16T21:00:00Z,99516821,3146877,84471,PT12M5S
QbJJwaVdgIs,I Got Hunted By The Military,2021-12-10T21:30:02Z,242747995,4768822,93117,PT10M27S
0e3GPea1Tyg,"$456,000 Squid Game In Real Life!",2021-11-24T21:00:01Z,783592247,19110098,626806,PT25M42S
cV2gBU6hKfY,I Cleaned The World‚Äôs Dirtiest Beach #TeamSeas,2021-10-29T19:59:43Z,130357392,5612435,167422,PT4M55S
qIsgdOVGA04,"Last To Take Hand Off Lamborghini, Keeps It",2021-10-23T20:00:01Z,191674090,4782926,126702,PT15M8S
cExLQ1o2pDw,"First To Rob Bank Wins $100,000",2021-09-26T20:00:06Z,202959136,4518596,117913,PT8M2S
uocETPj4Jx4,"Extreme $500,000 Game Of Tag!",2021-09-04T20:00:07Z,213827005,4742268,97471,PT12M33S
zxYjTTXc-J8,"Last To Leave Circle Wins $500,000",2021-08-31T20:01:03Z,507838248,7608503,126929,PT17M44S
hxwpkM5w3Cc,I Got Hunted By The FBI,2021-08-07T23:00:03Z,242519344,4764307,94283,PT15M51S
ktyJIj6i4Qw,"If You Can Carry $1,000,000 You Keep It!",2021-07-24T20:00:59Z,236411688,3874800,78376,PT10M7S
urtFrxDUV6c,"Would YOU Quit School For $100,000?",2021-07-10T20:00:09Z,182928830,3656524,82936,PT10M12S
nM89Wl03Q4g,I Survived 50 Hours In A Maximum Security Prison,2021-06-26T20:00:02Z,276543753,4363977,99000,PT12M34S
NZlClr_ivb4,"Hit The Target, Win $300,000",2021-06-12T20:00:01Z,202934765,3767682,80818,PT13M17S
E6E22XQPhhg,Anything You Can Fit In The Triangle I‚Äôll Pay For,2021-06-01T20:00:02Z,248589092,3592201,82560,PT16M8S
TQHEJj68Jew,I Got Hunted By A Real Bounty Hunter,2021-04-24T20:00:00Z,225727041,4327691,121015,PT13M28S
WcwGleN38zE,"Extreme $100,000 Game of Tag!",2021-04-17T20:00:00Z,258497616,3961684,116681,PT16M39S
fMfipiV_17o,"Would You Sit In Snakes For $10,000?",2021-04-10T21:00:07Z,352148939,5690162,139863,PT14M7S
ayXxwJJId_c,"I Bought The World's Largest Mystery Box! ($500,000)",2021-04-03T20:00:01Z,273395944,5454715,173921,PT10M50S
9bqk6ZUsKyA,I Spent 50 Hours Buried Alive,2021-03-27T20:00:04Z,330575918,8341101,243899,PT12M40S
DuQbOQwVaNE,"Offering People $100,000 To Quit Their Job",2021-03-13T21:00:02Z,161494735,3510701,111723,PT10M27S
vJH28ICkCdU,I Sold My House For $1,2021-03-06T21:00:02Z,173630293,3987425,114655,PT9M20S
_uwNDiU04zE,"I Donated $300,000 To People In Need",2021-02-13T21:00:01Z,55941304,3021118,143757,PT10M54S
C680oxL__ck,"I Ate $100,000 Golden Ice Cream",2021-01-22T21:00:03Z,286891817,6071717,172264,PT13M17S
5Fg9oZk-5uA,I Bought Everything In 5 Stores,2021-01-09T21:01:25Z,187715326,5605462,188494,PT13M50S
PKtnafFtfEo,"Youtube Rewind 2020, Thank God It's Over",2021-01-01T21:00:03Z,72704400,5045263,275089,PT6M31S
f0c7pSCoZqE,"I Put 1,000,000,000 Christmas Lights On A House (World Record)",2020-12-23T21:00:06Z,127738249,2990170,106102,PT11M22S
dg2Ag3e8W-Q,I Opened A Restaurant That Pays You To Eat At It,2020-12-19T22:00:03Z,196414577,5154904,727477,PT9M32S
LeYsRMZFUq0,"I Gave People $1,000,000 But ONLY 1 Minute To Spend It!",2020-12-15T21:00:11Z,226242281,6924707,183811,PT14M18S
Dc2ZRmuH5OM,"Steal This $100,000 Diamond, You Keep It",2020-11-28T21:00:04Z,223738281,3687998,92605,PT14M3S
GLoeAJUcz38,"Press This Button To Win $100,000!",2020-11-14T21:00:02Z,338862531,4755879,91828,PT15M11S
SZQhgExjBvQ,I Survived 24 Hours Straight In Ice,2020-10-29T20:17:44Z,174973595,4215213,193158,PT11M34S
IoZri9hq7z4,I Uber‚Äôd People And Let Them Keep The Car,2020-10-24T20:00:01Z,144268405,4140977,85240,PT14M11S
vp5sSqyZ5Go,I Filled My Brother‚Äôs House With Slime & Bought Him A New One,2020-10-10T20:00:31Z,250014120,4069684,115864,PT9M25S
AKJfakEsgy0,Hi Me In 5 Years,2020-10-04T20:00:54Z,139088443,7160521,251889,PT2M8S
Vl3swga-Xrk,"Would You Rather Have A Giant Diamond or $100,000?",2020-09-26T20:40:02Z,190845543,3029435,71578,PT12M24S
UE5AHE2Ypr8,"I Gave My 40,000,000th Subscriber 40 Cars",2020-09-19T20:00:02Z,198926672,4768929,184252,PT17M11S
Dx0Da_Y2fBg,I Am The World‚Äôs Greatest Samurai,2020-09-18T13:15:01Z,464867615,14250009,64002,PT11S
TDiXxsQ0w2Q,Why I Haven‚Äôt Been Uploading,2020-09-17T20:00:05Z,58805049,2796850,94782,PT5M54S
oD155zWANQg,"Get This Random Person 1,000,000 Subscribers",2020-09-05T20:00:17Z,86249045,2643708,119924,PT14M5S
s1ax8Tx_Jz0,Would YOU Rather Have A Lamborghini or This House?,2020-08-22T20:00:01Z,223125491,4104966,150705,PT18M26S
NkE0AMGzpJY,"Last To Leave $800,000 Island Keeps It",2020-08-15T20:00:02Z,281001902,5812485,224292,PT21M15S
FbM1yi4mMMc,I Bought A Private Island,2020-08-13T20:00:07Z,177980619,3975016,127221,PT11M37S
5V2B28OqfqM,"I Spent $1,000,000 On Lottery Tickets and WON",2020-08-08T20:00:02Z,144707575,3365138,84593,PT10M13S
Rj_vssRaZlQ,I Ate The World‚Äôs Largest Slice Of Pizza,2020-08-01T20:00:02Z,296047907,4704644,135341,PT8M3S
YQDDm9HLkV4,I Adopted EVERY Dog In A Dog Shelter,2020-07-23T20:00:11Z,263538122,5010192,208246,PT16M4S
erQ_9yEz0ls,"I Bought The World's Largest Firework ($600,000)",2020-07-03T21:00:20Z,239941246,5364131,179661,PT11M9S
OAbP-V6fEVc,I Broke Into A House,2020-06-25T20:00:00Z,199568128,3904735,197518,PT14M2S
_qAJMXfL6o0,"Would You Rather Have $100,000 OR This Mystery Key?",2020-06-13T20:00:01Z,254961620,4131775,120803,PT18M21S
59AYXzCa-Cs,I Built The World's Largest Lego Tower,2020-06-06T20:00:01Z,199541031,3562886,76456,PT13M56S
r7zJ8srwwjk,I Spent 50 Hours In Solitary Confinement,2020-05-30T20:10:08Z,330077840,5066689,116798,PT15M52S
YSoJPA8-oHc,If You Click This Video I'll Give My Friend .001$,2020-05-23T21:01:02Z,222084144,7506002,167768,PT17M21S
5Hg_QSIJm8I,"I Gave $200,000 To People Who Lost Their Jobs (Corona Virus)",2020-05-07T19:59:59Z,47213000,1411531,63676,PT15M19S
gsWPpE4Rid0,Videos I Could Not Upload...,2020-04-30T20:00:08Z,169761411,4106483,65776,PT13M32S
HBMmK1c44sE,I Spent 24 Hours In A Doomsday Bunker,2020-04-11T20:00:00Z,223031751,3411089,79340,PT11M59S
oBYbxw8f5OI,"Giving $1,000,000 Of Food To People In Need",2020-03-27T20:00:05Z,66865444,1954091,65099,PT12M29S
AiGKBNGlzHo,I Ran A Marathon In The World's Largest Shoes,2020-03-21T20:00:02Z,183591018,3531844,70703,PT13M49S
_mdKvblL_8s,"$70,000 Extreme Hide And Seek - Challenge",2020-03-13T20:00:04Z,155195322,2792647,67141,PT17M21S
yXWw0_UfSFg,Anything You Can Fit In The Circle I‚Äôll Pay For,2020-03-07T21:00:00Z,316255470,5271045,113170,PT19M43S
F4Y3Pkn95GI,"I Ate A $70,000 Golden Pizza",2020-02-29T21:00:22Z,273523370,4481542,110608,PT12M56S
KSKJKLmAqpI,"Lamborghini Race, Winner Keeps Lamborghini",2020-02-08T21:00:02Z,147389912,2747383,55108,PT14M48S
IYVjOfoU3uI,I Gave My Credit Card To Random People,2020-02-01T21:00:01Z,197064482,4098891,97306,PT16M48S
oI6aXhowFDY,I Went Back To Boy Scouts For A Day,2020-01-25T21:00:01Z,128406872,2313211,45904,PT13M38S
LdMx2U5tby0,"$60,000 Extreme Hide And Seek - Challenge",2020-01-17T21:00:01Z,170826088,2948780,50419,PT17M59S
fY-LA3YaZ_M,"How I Gained 15,000,000 Subscribers In 1 Year",2020-01-03T21:10:01Z,19648098,899735,39813,PT6M34S
0hVZOJCYBBM,Important Youtube Announcement (please watch),2019-12-28T21:00:06Z,38637836,2430831,125935,PT2M35S
Z9WQy9jEY8M,"Giving 10,000 Presents To Kids For Christmas",2019-12-23T21:00:04Z,81045517,3154114,171126,PT13M48S
bs0SWXbty18,"Spending $1,000,000 In 24 Hours",2019-12-21T21:00:01Z,200703186,4804071,126716,PT15M10S
yeqARWqjkps,"Last To Take Hand Off $1,000,000 Keeps It",2019-12-19T21:00:12Z,144859770,3449009,296698,PT15M25S
wMuYiLby3-s,"Last To Stop Riding Bike Wins $1,000,000 (Part 4)",2019-12-14T20:59:57Z,67475796,1502667,91859,PT11M45S
NbaWrbJDr48,"Last To Leave Toilet Wins $1,000,000 (Part 3)",2019-12-07T21:11:07Z,103058610,1962224,48854,PT15M46S
sfv1QaRzJg8,I Ordered Pizza And Tipped The House,2019-12-05T21:00:02Z,150438135,4353722,105157,PT12M50S
RwnN2FVaHmw,"Last to Stop Swinging Wins $1,000,000 (Part 2)",2019-11-30T21:00:03Z,142917822,2368872,81096,PT13M3S
X1jMMFOqxEw,"$50,000 Game Of Extreme Hide And Seek - Challenge",2019-11-28T21:00:01Z,164929367,3110759,51264,PT13M48S
ORUX1lHbOa8,I Opened A FREE BANK,2019-11-23T21:00:17Z,124996580,3020947,94133,PT10M52S
LU_xVr4b2qM,"Going Around A Ferris Wheel 1,000 Times Straight",2019-11-16T21:00:47Z,127443979,2598032,49800,PT12M56S
tQ4m4zD7BBA,"Last To Fall Wins $1,000,000 (Part 1)",2019-11-14T21:00:31Z,166161485,3163682,56814,PT16M57S
D9lVNzyhYnc,Surviving 24 Hours Straight In The Bermuda Triangle,2019-11-09T21:00:55Z,256112947,4419661,99502,PT11M41S
jokVbbLqV_E,"I Spent $100,000 On Lottery Tickets And Won!",2019-10-31T20:00:02Z,57306813,1429127,29864,PT15M10S
HPJKxAhLw5I,"Planting 20,000,000 Trees, My Biggest Project Ever!",2019-10-25T19:01:01Z,113905935,4537591,160961,PT7M23S
Ims5p6wjW9s,"Last To Take Hand Off Boat, Keeps It",2019-10-19T20:06:01Z,133945317,2148284,57222,PT16M48S
anFxsa5jXrE,"I Searched 100 Dumpsters, Here's What I Found",2019-10-12T20:10:01Z,222270777,3151997,57036,PT17M9S
QxGVgXf_LNk,"Going Through The Same Drive Thru 1,000 Times",2019-10-05T20:00:08Z,299241307,5154075,131362,PT15M38S
al6130OD1Ck,"Donating $100,000 To Random Streamers",2019-09-28T20:29:58Z,65786419,1896540,42453,PT14M46S
d1010B3sKNQ,Surviving 24 Hours Straight In A Rain Forest,2019-09-21T21:00:00Z,141444533,2695078,72986,PT13M9S
NS3hse9ezik,"Last To Leave Ramen Noodle Pool Wins $20,000",2019-09-13T20:00:05Z,77056792,1596900,43783,PT14M32S
npDey6_9YRs,"Anything You Can Carry, I'll Pay For #2",2019-09-06T20:00:00Z,87577294,1720178,34591,PT13M59S
0NGWT9COcEI,"I Gave My Brother 24 Hours To Spend $100,000",2019-08-31T20:00:01Z,105392275,2562965,56523,PT13M8S
3LLnjRLrvLU,I Opened A Free Car Dealership,2019-08-29T20:00:00Z,147156932,3514529,137196,PT16M39S
bTrV5v7GLcQ,"Last To Leave Pool Of $20,000 Keeps It",2019-08-24T20:00:01Z,183716160,3348008,81978,PT16M39S
lBYC4_Lccjw,Surviving 24 Hours On A Deserted Island,2019-08-22T20:00:07Z,205721088,3627096,79769,PT13M52S
gL6iSCSHjco,"Last To Leave Roller Coaster Wins $20,000 - Challenge",2019-08-17T20:00:00Z,163996820,3057568,66635,PT15M7S
UQtltNZ_pjs,I Won Every Prize At A Theme Park,2019-08-15T19:59:59Z,183873268,3024112,67811,PT13M22S
0DaMUhgcAqo,Destroying My Friend's Car And Surprising Him With A New One,2019-08-10T20:00:00Z,113460740,2850891,61147,PT14M43S
TOcGSwJBPMQ,I Spent 24 Hours Straight At Area 51,2019-08-02T21:00:01Z,181969443,3926315,99003,PT15M15S
ws694xrKopA,"Can 50,000 Magnets Catch A Cannon Ball?",2019-07-20T20:00:02Z,133072812,2214869,46388,PT9M29S
UtnsWzaoRtg,World's Largest Game Of Dodgeball,2019-07-12T20:05:00Z,92219631,1713318,57148,PT11M17S
6wsFjjhZPJI,"Last To Leave Revolving Door Wins $50,000",2019-07-02T20:00:01Z,166204317,3683780,180300,PT13M44S
Rmf6T_Ewt38,Tipping Waitresses With Real Gold Bars,2019-06-21T20:00:01Z,70431321,1823855,84030,PT12M7S
n6qc4LHN2KQ,I Opened The World's First FREE Store,2019-06-15T20:00:00Z,94896854,2368971,75945,PT14M51S
2eFSU7TFOnk,Spending 24 Hours On Top Of A Mountain,2019-06-13T20:00:01Z,221287028,4016927,116222,PT15M24S
RCvnytndd9c,"Last To Leave VR Wins $20,000",2019-06-08T20:00:01Z,167106802,3288613,94104,PT14M18S
AA-VpIj8F5Y,"Last To Stop Running Wins $20,000",2019-06-06T20:00:00Z,121003862,2374613,65915,PT14M58S
fWcSBWadolA,"Paying People $10,000 To Eat Ghost Pepper",2019-06-01T20:05:01Z,40788441,1121096,34753,PT14M46S
YyhKdOCwD7s,24 Hours In The Most Haunted Place On Earth,2019-05-30T20:07:01Z,148577418,3114420,139864,PT15M7S
ha4tRQwKIUg,I Bought Everything In A Store - Challenge,2019-05-18T20:05:02Z,159839680,4336113,180913,PT16M56S
xRwy_rKc7gI,World's Largest Bowl Of Cereal,2019-05-15T21:05:01Z,242795189,3382275,86414,PT15M42S
H1WBdh56Vq4,Spending 24 Hours In A City With No Laws,2019-05-07T21:00:01Z,181284177,2980667,67407,PT14M29S
xhIYirjB4Yc,"Giving $10,000 To Random People And Saying Nothing",2019-04-30T20:00:06Z,83026211,1856085,49774,PT15M59S
HfJMs4mrSJM,Molten Lava Vs Giant Ice Block Experiment,2019-04-27T20:00:02Z,99687331,1858370,41200,PT7M38S
tYHTVjfShOA,"Anything You Can Carry, I'll Pay For Challenge",2019-04-20T20:00:03Z,92478001,1784932,90679,PT15M9S
JTQcIR2ZxU4,Homeless Man Buys A Lamborghini,2019-04-18T20:05:00Z,191488137,4260386,80321,PT14M20S
xpNeg0hPZIs,Playing Battleship With Real Ships,2019-04-06T20:05:58Z,38404081,1015763,34550,PT15M32S
9yrdFAJUSaU,"Donating $100,000 To Shroud In Real Life",2019-04-04T21:05:59Z,32335058,877912,19911,PT14M14S
i2O6GMpNWGo,"Last To Leave The Tesla, Keeps It Challenge",2019-03-29T21:05:00Z,118825326,2064921,44628,PT18M29S
Y6jC6VaO3j0,"Donating $100,000 To Streamers With 0 Viewers",2019-03-24T20:00:04Z,104770596,3471876,75634,PT14M37S
Ooke4YZv8Ts,Surviving 24 Hours Straight In A Desert,2019-03-16T20:05:00Z,177874401,3339071,96518,PT14M4S
ZV7rU6lnAKQ,"$200,000 Youtuber Battle Royale",2019-03-12T22:00:00Z,56019369,1740912,142608,PT13M36S
iUzi5JmJNWc,Surprising Strangers With 100 Zombies - Experiment,2019-03-03T22:04:59Z,61278170,1795946,55596,PT9M49S
9cCpZl8euLI,I Gave A Homeless Man A Home,2019-02-28T22:06:00Z,83835753,2213976,111524,PT13M26S
I046_n20d3s,Standing Still For 24 Hours Straight - Statue Challenge,2019-02-22T22:05:59Z,123081964,2032647,36619,PT18M16S
2nd73lyvq4w,Giant Monopoly Game With Real Money,2019-02-15T22:05:00Z,131036100,2470294,68126,PT14M55S
nuM0Z4a7kMs,I Spent 24 Hours Straight In Insane Asylum,2019-02-10T21:05:00Z,122370462,2353796,133921,PT15M56S
qPBtTPJHS0Q,I Advertised Pewdiepie At The Super Bowl,2019-02-04T22:00:01Z,45136598,1251803,64360,PT12M45S
A-vX1AGBGsc,I Went Back To 1st Grade For A Day,2019-01-31T22:05:00Z,224768097,3500098,142283,PT17M31S
IiW2smvEcBM,I Opened The World‚Äôs Cheapest Store,2019-01-26T21:05:00Z,41601645,1147481,82718,PT15M19S
q6Qw8mUVTrE,I Put 10 Million Legos in Friend's House,2019-01-18T22:04:59Z,113573796,1705492,62454,PT15M17S
dBxOYE2j55U,Make This Video The Most Liked Video On Youtube,2019-01-16T22:05:01Z,154428015,30355045,311013,PT13M11S
984NGLLYDUg,"20,000 Magnets Vs A Car",2019-01-14T22:05:00Z,34344836,771910,23506,PT12M3S
7zi0bi-RDj4,"Eating A $10,000 Golden Steak (24k Gold)",2019-01-11T22:05:00Z,158127069,2424941,89288,PT16M30S
XaxhLbxZ13k,Last To Take Hand Off House Keeps It!,2019-01-08T21:05:00Z,96439361,1665610,44274,PT17M30S
L8nh1wuXTbI,"I Gave Him One Hour To Spend $100,000!",2019-01-01T21:05:01Z,81973607,1634652,68382,PT13M45S
9-HphHIJS9c,"How I Gave Away $1,000,000",2018-12-25T21:05:01Z,14544573,490313,33779,PT15M14S
rPXmbM2UEbU,"Giving $100,000 To A Homeless Person",2018-12-23T21:00:01Z,31502923,1027514,70243,PT14M44S
sESRuTyfsEk,I Spent 24 Hours Straight In Prison - Challenge,2018-12-19T21:05:02Z,118684374,2115946,74288,PT13M1S
QapO3maXd9k,Donating $10000 To Pewdiepie,2018-12-16T21:05:02Z,47336156,1734361,49286,PT15M15S
71VpdDb8e6U,"Last Youtuber To Leave Wins $100,000 - Challenge",2018-12-12T21:00:02Z,105279639,2161961,95256,PT24M39S
Su34c5Z8DW4,I Put Millions Of Pennies In My Friends Backyard,2018-12-08T21:05:02Z,183032943,2821734,64264,PT14M41S
e5DqdX-7_g4,Surprising TFue With A Fortnite Battle Bus In Real Life,2018-12-07T22:11:00Z,102722275,1895516,63210,PT14M25S
9vB-48kHbBU,I Built A Giant House Using Only Legos,2018-12-02T20:05:01Z,65050065,1040999,48830,PT13M49S
3ix_gbcubTo,"Last To Leave Slime Pit Wins $20,000 - Challenge",2018-11-30T21:11:01Z,145614491,2381372,73102,PT17M50S
mGIpOtncmSM,"Saying Pewdiepie 100,000 Times",2018-11-25T21:07:01Z,26519509,1694919,167448,PT11H48M40S
VqnQ-0q2gb4,Destroyed Friend's House And Bought Him A New One,2018-11-24T21:06:01Z,43784812,1133326,68110,PT14M38S
3TflpIllQHY,I Put 100 Million Orbeez In My Friend's Backyard,2018-11-22T21:08:01Z,237259608,5281064,138550,PT14M45S
1SwVSTKFCsc,"Spending $40,000 In One Hour Challenge",2018-11-17T21:06:02Z,44769608,934191,54622,PT14M3S
ZPuEUe_8SRM,"Giving My 10,000,000th Subscriber 10,000,000 ___",2018-11-13T21:05:04Z,29792426,816734,32184,PT18M19S
gKVZz4kcuns,"$10,000 Games Of Rock Paper Scissors",2018-11-04T21:05:02Z,18598339,514161,25086,PT13M7S
nywT2SenPIo,"Last To Remove Hand, Gets Lamborghini Challenge",2018-11-02T20:05:01Z,95628442,1705361,73742,PT19M45S
xBP9EUQIkNs,"You Pick The Right Cup, You Win $100,000!",2018-10-28T20:06:01Z,36257458,977650,35439,PT17M35S
qZNxvnQv0h4,I Bought Every Billboard In My City For This,2018-10-26T21:06:02Z,38788934,1320489,105787,PT15M31S
uE6gud1voDs,"Ordering Water Then Tipping $30,000",2018-10-23T20:11:02Z,45141810,1194408,46382,PT11M45S
f0M64XpmTz8,"I Spent $50,000 On Lottery Tickets And Won ____",2018-10-19T21:05:02Z,31333421,748372,33393,PT16M54S
Gz3yak1cl-8,"Last To Leave Circle Wins $10,000 - Challenge",2018-10-12T22:05:04Z,97073856,1664702,59163,PT16M36S
9GD6hbqu2oM,I Spent 24 Hours Straight In Slime,2018-10-09T20:05:02Z,43809797,940048,33119,PT14M38S
GUWGsIVEMSQ,"Surprising Tfue With $10,000 Live - Fortnite",2018-10-04T20:07:01Z,74587338,1536212,47033,PT15M23S
wDqJZ_2ZA3A,"I Spent $30,000 On Lottery Tickets And Won ____",2018-09-28T21:05:00Z,17327419,426778,21673,PT17M32S
RywkkwO78m8,Flat Earth PROVEN By Independent Research,2018-09-22T20:05:01Z,28578651,796447,133792,PT11M52S
P4qWhSZ7_WA,Things That SHOULDN'T Be Sold On Amazon,2018-09-21T22:06:01Z,152022804,2313633,55783,PT14M6S
UlUcwJc5nBs,"Surprising My 8,000,000th Subscriber With 8,000,000 ___",2018-09-19T20:05:01Z,37277002,585032,18486,PT18M52S
qAW6CE7_bFM,"I Donated $25,000 To Random Kids Streaming Fortnite",2018-09-14T20:09:01Z,65187260,1315636,39226,PT17M37S
tBEBc4KQVsU,I Hope This Magic Trick Works,2018-09-11T21:13:59Z,43614936,721691,18892,PT16M22S
q0OK-zHnvnA,Can A Glowing 1000 Degree Sword Slice A Car In Half?,2018-09-06T21:09:00Z,69917602,1144913,37865,PT9M58S
bFZdU9dr4OM,Rocket League In Real Life!,2018-09-01T21:08:58Z,28771229,544229,16175,PT12M55S
nd-bwvNB7YA,Destroying My Friend's Car And Surprising Him With A New One - Slime,2018-08-28T22:08:59Z,120253732,2485170,67045,PT16M11S
6_im_hGxGRk,Spending 24 Hours Straight Under Water Challenge,2018-08-24T22:09:00Z,144670101,3575614,105934,PT15M11S
b91vrgVY-ZQ,"Attempting The Impossible Maze - $10,000 Challenge",2018-08-15T21:08:59Z,57007721,1014925,32281,PT19M47S
52ubXjlVzUY,"Donating $100,000 To A Random Fortnite Streamer",2018-08-05T22:00:00Z,53169450,1111575,50418,PT23M2S
XHb7g6yuGgE,Moving 10 Pounds Using ONLY Sound,2018-08-02T21:09:00Z,45670540,1214337,49856,PT13M46S
rH1D_3G56DY,Returning Destroyed Rental Cars Prank,2018-07-27T21:09:00Z,37237500,621095,17367,PT10M30S
-0zoWMSEOGg,"I Gave My 6,000,000th Subscriber 6,000,000 ____",2018-07-25T21:11:00Z,17719852,395719,32150,PT18M33S
WRzIuC2MKOU,"Can 1,000 Fans At Max Speed Push A Car?",2018-07-17T21:41:02Z,28789489,622969,36734,PT11M53S
foLlul8Tl3E,"I Donated $50,000 To Ninja - Fortnite",2018-07-14T21:06:00Z,98272082,2151725,59604,PT22M2S
3iaDrpKdaIc,I Ubered Random People In A Tank,2018-07-11T21:16:00Z,30162756,867611,43270,PT10M4S
qrIh-ZHN4-E,World's Hottest Substance Vs Coldest Substance,2018-06-30T21:09:00Z,95734156,1771453,53687,PT11M52S
mpZWt5pGKZ8,The Real Way Dinosaurs Went Extinct,2018-06-28T21:12:01Z,29333879,804296,43521,PT5M51S
vbph9F_pRNI,I Donated $1000 Every Time She Blinked - Fortnite Streamers,2018-06-24T21:10:00Z,21843127,641674,24573,PT15M46S
XE9pUM9MEFA,I Built A Working Car Using Only LEGOS,2018-06-23T21:09:58Z,75162988,1658060,99334,PT12M24S
wbzD04leeLI,Do Water Repellent Shoes Actually Work?,2018-06-22T22:11:00Z,131703978,2004228,64088,PT11M38S
MC5h-ShR-S8,"We Drove 3,000 Miles For The World's Best Burger",2018-06-09T21:13:59Z,54571126,1224177,94001,PT13M49S
dp8IaLrZpGs,"I Gave My 5,000,000th Subscriber 5,000,000 ______",2018-06-08T22:36:59Z,11336984,293757,19006,PT11M31S
97Gh93Daio0,I Made Money Grow On Trees,2018-06-01T22:09:00Z,17358023,433281,36098,PT10M34S
t4OumncEiKo,I Took Apart My Friends Car And Put It In His Room,2018-05-25T22:41:59Z,15888165,316851,12126,PT10M16S
Ejou8aa5eZk,How Many Rubber Bands Does It Take To Snap A Safe?,2018-05-22T22:14:01Z,37337006,916679,44251,PT10M16S
ehEuczQUh8E,Pulling Cars Over Using A Toy Police Car,2018-05-13T21:10:01Z,24743669,545541,18515,PT13M17S
uBC7805Smsg,"I Gave $500,000 To Random People",2018-05-11T22:40:59Z,15190401,453939,30662,PT15M3S
d8pJkuSp1iI,How Many Toy Cars Does It Take To Pull A Real Car?,2018-05-04T22:08:58Z,41253486,763554,26805,PT11M48S
dFr5YQaQQdo,"I Gave $20,000 To People From An Ice Cream Truck",2018-05-02T22:11:00Z,14785810,348189,21033,PT13M42S
xBLxMfO3pDw,$10000 Ice Sculpture Vs Flame,2018-05-01T22:09:00Z,23883498,505758,29672,PT15M9S
d7QmQtNwhcU,"Can 1,000 Rolls Of Duct Tape Stop A Car??",2018-04-30T22:09:00Z,26965602,548934,24425,PT10M23S
NZR4WEjpOQg,Winning A Game Of Fortnite In The Middle Of The Ocean,2018-04-25T22:09:02Z,31473818,784715,46948,PT9M44S
vETSAZgfDP4,I Flew Using Only Balloons AND Leaf Blowers,2018-04-23T22:09:02Z,32791910,655773,44553,PT11M18S
zE3FLbpu9-Q,"I Donated $40,000 To A Random Twitch Fortnite Streamer (world record)",2018-04-21T21:07:02Z,24549347,632083,29040,PT24M43S
Izmibu7dxcs,Destroying My Friend's Car And Surprising Him With A New One,2018-04-13T22:21:00Z,39160898,628522,35633,PT15M12S
2Pvt8awds44,Walking Up To Random People With 100 StormTroopers,2018-04-11T22:09:01Z,19884639,501781,38290,PT10M4S
n9BbAfbsyj0,"I Donated $10,000 If They Said This Word (Twitch Streamers)",2018-04-04T22:19:00Z,20108757,556123,21871,PT13M5S
WZ2rYlVxt4g,"Giving My 4,000,000th Subscriber 4,000,000 Cookies",2018-04-02T22:09:01Z,13359474,343738,24159,PT10M41S
CWK6an4mYL0,"I Tipped Waitresses $20,000",2018-03-30T21:09:03Z,14943570,355795,19556,PT12M24S
VwWV4JelEzY,Walking Into Random Stores With 100 Dinosaurs,2018-03-22T22:43:02Z,33522416,896469,44410,PT10M12S
koRKIlRQj4g,I Built A Mansion Using Only Cardboard Boxes,2018-03-20T22:50:00Z,25834751,576237,23347,PT7M8S
XKFKPQHdWRI,Breaking Glass Using Only Megaphones,2018-03-17T22:22:47Z,54283361,1409784,74659,PT9M12S
yuGEB4ZZdUQ,Tying My Shoes In Every State (World Record),2018-03-16T22:09:02Z,18095618,453640,41279,PT15M10S
sg_XFT4K3N4,"I Dropped $20,000 From A Drone",2018-03-08T00:13:02Z,7813995,249419,17083,PT11M45S
szt8xabJoSo,"Donating $10,000 To Fortnite Streamers If They Win",2018-03-03T23:21:02Z,11367163,274116,15703,PT14M31S
Fbl3E_XCQfA,Trying To Fly Using Only Leaf Blowers,2018-03-01T23:09:03Z,18411500,429741,28590,PT13M10S
Pe3pGsCeYXg,"Giving 3,000,000 Pennies To My 3,000,000th Subscriber",2018-02-22T23:14:03Z,8832235,235615,21873,PT10M10S
yzGmnjDFuZE,"I Donated $30,000 To My Favorite Twitch Streamer (ninja)",2018-02-21T23:19:01Z,36767978,860870,38526,PT11M17S
op0N7axawJA,"I Gave $20,000 To Random Homeless People",2018-02-17T00:40:00Z,47667978,1314791,72666,PT10M56S
l_huIWJBhJM,I Bought An Expensive Car Using Only $1 Bills,2018-02-13T23:10:01Z,37581666,1079660,35175,PT10M29S
7ALCsEyn3mg,I Bought The World's Most Expensive Apps ($10k),2018-02-08T23:35:00Z,27085871,763893,24860,PT10M19S
CvMRiR4k49Y,We Delivered 100 Pizzas To Random Houses,2018-02-02T23:12:01Z,9194206,228691,10940,PT10M3S
g2rbhIB-ITM,"I Donated $30,000 To A Random Twitch Streamer (world record)",2018-01-28T00:11:02Z,32869062,1055144,54711,PT18M26S
nLpqZEAFnkE,I Bought A Car Using Only Pennies,2018-01-25T23:10:03Z,26540106,720709,38462,PT12M8S
sirrTXiPFmw,I Bought One Snickers Bar From Every Walmart,2018-01-13T23:15:01Z,44964239,1123857,69699,PT10M8S
nRkwuTOESCc,Donating Big Donations To Twitch Streamers!!!,2018-01-11T22:37:00Z,27727163,581501,36275,PT19M21S
AS6WMS_Bemg,I Can't Believe I Found This Stuff On Amazon..,2017-12-22T23:19:10Z,31206945,1195256,23721,PT7M8S
wMn8d7IeCYM,"Saying ""Keep Net Neutrality"" For 10 Hours",2017-12-17T20:37:34Z,2377400,84057,9772,PT10H2S
BMZP4CtphaU,Life Hacks You Need To Know,2017-12-08T22:49:10Z,7388990,202424,10695,PT6M50S
ln9aLVd__8w,"Can 100,000 Pieces Of Paper Stop A Bullet?",2017-12-06T22:46:59Z,25995691,483152,56232,PT12M39S
93s1JECSy60,"Giving My Mom $100,000 (Proudest Day Of My Life)",2017-12-02T21:10:08Z,31897229,1534131,43413,PT11M8S
YR6Wh2Zy9jE,"2,256 Miles In One Uber Ride (World Record)",2017-10-28T22:30:00Z,43361364,1108995,42488,PT10M8S
5PCxQSMOl3o,i'm really sorry,2017-10-26T21:30:00Z,5924311,205822,10099,PT3M11S
5qzAVMe_SnM,Hi Me In Two Years (Made Two Years Ago),2017-10-04T21:30:00Z,13709468,601799,38371,PT1M50S
zAAXW7ySu1k,"Tipping Uber Drivers $10,000",2017-08-30T22:40:02Z,4652694,128153,8007,PT11M14S
sx5k8xd_VoU,Going To The Connor McGregor fight!,2017-08-28T20:31:04Z,6102280,230224,11155,PT5M42S
uotb9ZHnI2g,"Tipping Pizza Delivery Guys $10,000",2017-08-23T21:44:24Z,23100761,701692,39991,PT10M27S
nPlqRbVFBHI,"Microwaving my iPhone, what happens next might shock you..",2017-08-20T19:37:51Z,2779261,123796,8529,PT5M36S
_FX6rml2Yjs,"Saying Logan Paul 100,000 Times",2017-08-19T14:00:58Z,23506469,931202,109063,PT17H6M7S
kupaqq-xJ_8,"Donating $10,000 To Random Twitch Streamers",2017-08-15T19:20:09Z,10852514,226821,17663,PT14M42S
Er6QUQZbv0w,Breaking The Law,2017-07-09T21:20:50Z,32140298,835658,33585,PT3M56S
4KVmSG6KS2k,"Giving Homeless People $1,000 (Not Clickbait)",2017-06-28T22:00:02Z,6617548,228980,18883,PT8M47S
Lx9fRu5ehFo,We Are Better Than Dude Perfect,2017-06-24T18:40:12Z,27159034,668461,37663,PT2M37S
KcsRxHwGz7A,Every Challenge I've Ever Done,2017-06-23T18:31:22Z,936983,29655,4535,PT23H48M6S
ZJwX2jTXWwQ,Watching It's Everyday Bro For 10 Hours Straight,2017-06-17T21:06:02Z,28245489,823119,69722,PT10H11S
N_GMakKf7G4,"Giving A Random Homeless Man $10,000",2017-06-15T23:10:02Z,11232081,561661,33651,PT10M2S
63gyUQ_JeOE,Toothpaste Life Hacks YOU SHOULD KNOW,2017-06-13T22:30:01Z,19768510,500712,15136,PT4M22S
IZVbzNRUlQI,"Reading The Longest English Word (190,000 Characters)",2017-06-02T22:00:01Z,35660424,821672,57623,PT1H54M49S
8D3vI1615K4,Fidget Spinner Vs Face (Legit Had To Get Stitches),2017-05-02T23:30:00Z,43731891,1661985,85955,PT7M7S
igVcy5dtN80,Grilling A Microwave Microwaving A Microwave Microwaving A Toaster Toasting An Iphone Watching Micro,2017-03-30T22:10:41Z,2118708,72159,4972,PT3M8S
dEOlvTqYUNo,#1 MOST INSANE MAGNET LIFE HACK EVER,2017-03-24T21:40:17Z,26285293,523650,18026,PT5M9S
AS5CxLCWq-Q,Watching Dance Till You're Dead For 10 Hours,2017-03-21T22:40:12Z,54558427,2625741,0,PT10H1S
jtOalDNVrKM,I Can't Break My Strange Addiction,2017-03-19T21:45:07Z,1932923,95682,8857,PT4M45S
dDYP56hEYF0,OMG! INSANE CUP FORT,2017-03-14T22:40:01Z,4145470,96561,9279,PT4M11S
pJSbLk-Iixc,Savage Level 9000,2017-03-08T23:10:06Z,7374038,322248,14970,PT1M50S
iengNekeTNo,Reading The Youtube Terms Of Service,2017-03-07T23:10:02Z,562514,19702,3591,PT25M57S
rqUvnLPvbrM,Reacting To The Reaction Of The Reaction To The Reaction Of The Reaction Of The Reaction To The Reac,2017-02-22T00:00:04Z,7709728,323644,24750,PT33M29S
9CVwXBYVqVk,"Counting To 200,000 (Road To A Mil)",2017-02-18T00:00:03Z,4011520,154192,19118,PT23H34M38S
i8pmk5xnO2s,Microwaving Dry Ice (Microwave Explodes),2017-02-09T22:29:35Z,3346885,96986,5668,PT5M56S
xWcldHxHFpo,"I Counted To 100,000!",2017-01-09T00:00:39Z,31483148,1470209,128602,PT23H48M7S
YH1-fDzHHpo,we are number one but every one is a bad intro,2016-12-25T00:00:00Z,1983361,56439,8273,PT3M41S
ntlG5XgYg4k,Microwaving A Microwave Microwaving A Toaster,2016-12-23T00:00:04Z,4944844,89301,15053,PT14M17S
Qy17S3g8ZuY,HOW TO UNLOCK ANY IPHONE WITHOUT THE PASSCODE,2016-12-21T02:00:00Z,23002515,579366,32992,PT8M51S
PJyWmlWNor8,WHY DO THEY SELL THIS ON AMAZON?,2016-12-18T02:00:04Z,8822168,719562,13068,PT8M31S
KzwTYZ2W3ZA,Microwaving A Microwave,2016-12-09T02:45:18Z,11682556,437437,41250,PT9M5S
9fa_JYTPZ2Y,IF YOU ONLY SEE ORANGE YOU'RE COLOR BLIND,2016-12-05T02:21:43Z,1832959,93576,7622,PT3M53S
t1BWMa8btIw,I Mailed Myself IN A BOX & it REALLY WORKED! (Human Mail Challenge),2016-11-30T02:31:18Z,16424611,455161,15844,PT5M2S
2O8wta4FsD4,STUPIDEST PERSN ON EART (Really Dumb),2016-11-28T00:01:52Z,2525946,184601,12380,PT4M22S
dSDBr0WjrwQ,"Reading The Entire Bee Movie Script But Everytime They Say ""Bee"" I Repeat All the Previous Bees",2016-11-25T01:43:37Z,10983878,216803,11877,PT1H30M59S
DbC9CauTXoM,THE WORST THINGS EVER TO EXIST,2016-11-19T00:40:47Z,3787023,328628,18194,PT4M40S
yhNcDBnQsEY,BLOWING UP $1000 KEYBOARD *RIP WALLET*,2016-11-11T23:02:10Z,3877354,227265,4915,PT5M
Wyyqz3OxB5c,MY $1000 KEYBOARD CHANGED MY LIFE,2016-11-03T21:32:53Z,13434814,355348,7802,PT3M33S
KO8B2kw_Jxs,I BOUGHT A 1000$ KEYBOARD,2016-10-25T21:06:50Z,1619218,38308,2795,PT6M21S
NEDPgQYhbqs,IF ONLINE ADS WERE REAL,2016-10-16T20:30:00Z,9890468,580494,17754,PT4M36S
DpIvW6av0pI,IT FINALLY CAME IN THE MAIL,2016-10-10T21:05:39Z,345592,11764,1305,PT5M3S
RPcXg2-0ejw,Bleach Bottle Flips (COP CALLED),2016-10-09T20:06:23Z,1235186,55423,3082,PT4M43S
jhYG5BStQSk,Hi Me In A Year (Scheduled Uploaded A Year Ago),2016-10-04T21:00:01Z,1687709,54568,4582,PT1M59S
wTIPpjUgAFE,Epic New Gaming And Youtube Setup 2016,2016-09-30T22:32:04Z,413319,15057,929,PT5M
Fzh65vCyHWQ,24 HOUR EXPLOSION GIVEAWAY! WIN GIFTCARDS,2016-09-05T22:31:58Z,814671,34937,4555,P1DT2S
vBp0bzVr09s,LISTENING TO OLD VOICEMAILS FOR THE FIRST TIME,2016-08-28T21:00:01Z,373459,11599,1036,PT5M13S
AXjdI_LHWJU,GAMBLING MONEY WITH SCRATCH OFF TICKETS,2016-08-26T22:30:01Z,3079365,59666,3418,PT7M56S
dJCsc_Cq9i4,BEST WALMART TOILET PAPER FORT,2016-08-24T21:00:01Z,1472431,51131,2989,PT4M16S
bqpKlkPpT10,100 LAYERS OF SARAN WRAP + TOILET PAPER!!,2016-08-23T21:01:56Z,3333041,139447,6772,PT7M43S
TIIU1ivhLKs,WORST REVIEWS ON AMAZON #4 *FUNNY*,2016-08-21T21:17:07Z,1656850,125236,3582,PT3M23S
G4qOiwIE_o0,HOW MUCH MONEY DO YOUTUBERS MAKE?,2016-08-14T20:20:03Z,3139223,152635,5488,PT3M25S
yozl6enFC-w,THE WORST SONG ON YOUTUBE *CRINGE*,2016-08-08T20:00:02Z,839222,42222,6680,PT4M8S
LP_mGU3CgXk,SURPRISING MY BROTHER WITH A LAPTOP,2016-08-07T19:35:12Z,1706051,116101,4070,PT2M56S
DoIQMkoYSzw,"SELLING ORGANS FOR $1,000,000",2016-08-02T20:02:21Z,3609885,121639,7365,PT5M35S
e-If_d_bzfI,POKEMON GO STEREOTYPES,2016-07-14T17:36:53Z,2274944,64480,2596,PT3M27S
5J6-5g2alp8,"100,000 SUBSCRIBERS.EXE",2016-07-08T20:00:00Z,1487585,81086,7532,PT4M26S
qjGNBluF6_I,WORST REVIEWS ON AMAZON #2 HOW IS THIS LEGAL?,2016-07-02T20:30:01Z,1198624,46185,5064,PT4M50S
TLoDwqQF5ug,BLOWING UP MY TABLET,2016-07-01T20:30:01Z,177856,7520,1258,PT2M32S
uAFGIQPWL54,Worst Reviews On Amazon #1 (Minecraft Edition),2016-06-26T21:24:27Z,717280,17334,1396,PT2M7S
SaDDjW9Rw-M,WORST THUMBNAILS ON YOUTUBE #3,2016-06-21T20:01:20Z,905184,34929,1725,PT3M4S
CHdy9wND1jo,REACTING TO MY OLD MINECRAFT VIDEOS (HORRIBLE),2016-06-19T20:36:36Z,1342632,35873,2747,PT8M43S
9LiS_3HEErU,HOW TO MAKE A GOOD INTRO FOR YOUTUBE,2016-06-14T20:51:19Z,185462,6096,1361,PT3M4S
hRj5qNfkdO0,WORST BANNERS ON YOUTUBE #1,2016-06-13T21:13:33Z,673791,18880,3620,PT3M36S
ocruJKe2tFk,"50,000 Subscribers.exe",2016-06-11T21:01:16Z,538497,21716,3348,PT3M35S
MgRMNzKknto,Dude Perfect 4.0 - We Are Totally Better,2016-06-06T21:01:41Z,430979,13044,1772,PT3M33S
tqO3_AKC5Ks,CUTTING TABLE IN HALF WITH PLASTIC KNIVES,2016-06-04T20:31:28Z,3735188,165512,6865,PT4M5S
XW1TsAVdXsw,BEST INTROS ON YOUTUBE #1,2016-06-01T20:42:11Z,28453046,817741,27422,PT3M5S
Qhdj_Umh1IE,Motivation For Youtubers #6 LAST ONE,2016-05-24T15:00:01Z,156037,6296,503,PT2M59S
fN_RQFqaGHI,How Many Licks Does It Take To Get To The Center Of A Tootsie Pop?,2016-05-19T21:00:01Z,387394,12214,2499,PT12M37S
hC3xW8xeCDs,Motivation For Youtubers #5,2016-05-15T21:00:01Z,197966,8787,547,PT2M28S
xGJEPTCw9GU,18th Birthday QNA - Mom's Hair Dryer Age?,2016-05-07T21:00:00Z,385537,15337,833,PT3M52S
FmjsePPBbdU,WORST MEMES AND TRENDS ON YOUTUBE!,2016-05-01T21:00:00Z,641853,12994,1340,PT3M51S
lMLEcUXz6T8,Cereal Commentary,2016-04-28T00:36:58Z,166179,5505,607,PT5M39S
BKJy7BFP3Is,WHERE IS MY COOKIE?????,2016-04-24T21:31:29Z,123349,12377,1201,PT2M42S
1gfgZhW3YgU,"How Much Money Do Big Youtubers Make? (Pewdiepie, Markiplier, etc)",2016-04-22T21:02:56Z,118630,4722,432,PT3M48S
VXmKt_1T0QM,Struggles Of Being A Youtuber,2016-04-19T21:30:01Z,142227,5372,1101,PT3M14S
6XCUHLhdnEY,Reenacting Youtubers,2016-04-16T21:32:25Z,182582,7062,546,PT3M41S
ttWTSskmxTA,Life Before And After Gamma (Insane) @GFuelEnergy,2016-04-13T23:08:34Z,56185,2238,612,PT2M41S
5bCyFf8lSfk,Worst Thumbnails On Youtube #2 - Cringe,2016-04-10T22:00:00Z,289137,10250,545,PT2M13S
ngVEpJs5A5s,Motivation For Small Youtubers #4 - Inspiration For Youtubers,2016-04-08T00:11:29Z,150098,7225,623,PT3M10S
zjC48c3ptt0,Scheduled Uploaded 6 Months Ago (REACTION),2016-04-06T21:02:02Z,141083,5124,452,PT5M22S
rS2sntC-lJI,Dude Perfect 3.0 - We Are Better,2016-04-04T21:30:00Z,723738,21586,1837,PT3M13S
fG1N5kzeAhM,Dear Future Me (Scheduled Uploaded 6 Months Ago),2016-04-04T19:30:01Z,2378125,134972,12534,PT2M25S
vT_gRRMjDi0,$100 GIVEAWAY PRANK (NO WEAPONS INVOLVED),2016-04-03T21:00:00Z,67542,1839,235,PT4M51S
dfcPUqiivDY,GIVING AWAY $100 ITUNES GIFT CARDS,2016-04-01T20:45:18Z,151895,4519,458,PT2M10S
zCR6DJX7Kak,Walking Dead Daryl DIED (Fan Reaction To Death),2016-03-28T02:10:15Z,172175,4773,509,PT43S
4cX-w-ia0RU,Why Do Youtubers Ask For Likes?,2016-03-27T21:50:19Z,177454,12052,665,PT3M21S
2nVjy-zd65Q,Making My Background More Epic,2016-03-26T21:00:00Z,56181,2412,320,PT3M28S
xlzpD4GeBW0,Doing Youtube For Fun Or Views?,2016-03-23T23:51:29Z,56190,2461,265,PT3M45S
8ZTy3K2QgOY,Pranks That Went Horribly Wrong,2016-03-19T21:00:00Z,2145714,90353,2937,PT4M34S
k9zko79_3_I,Who Founded Faze? Who Created Faze Clan?,2016-03-18T00:23:07Z,2051702,73072,3759,PT5M25S
fYnPyLfxSJg,Subscriber Goals For 2017,2016-03-09T23:35:32Z,79738,2827,1319,PT3M54S
pBH_QL4JGcI,"20,000",2016-03-08T00:35:01Z,195240,6038,834,PT4M16S
1wtFD9zSQO8,The Dreaded Unanswerable Question,2016-02-29T23:56:41Z,179387,4794,348,PT4M30S
VqhjiwmGNKA,WORST THUMBNAILS ON YOUTUBE,2016-02-28T20:48:25Z,611907,24535,1132,PT2M36S
EhZ9gHZOZT8,Beast Goes Camping (Didn't Go Wrong) (Didn't Go Sexual),2016-02-20T23:07:55Z,199683,5071,363,PT4M45S
LHtkve6-O0g,NBA Interviews Gone Wrong (No Gun Pulled),2016-02-20T14:56:51Z,66654,1986,153,PT2M34S
m3Ol8zn7brk,Movie Trailers Be Like,2016-02-15T18:31:34Z,111203,4512,269,PT1M42S
qBiZA4QDsj0,What Is Youtube Red? Should I Buy Youtube Red?,2016-02-10T23:42:47Z,108783,3863,335,PT4M39S
NeOrh4GnPZ4,Things I Hate #2 - Youtube Edition,2016-02-09T01:26:28Z,172636,7623,1416,PT4M21S
fWhfOAuOqjY,Super Bowl Commercial 2016 Cost - How Much Does A Commercial Cost In 2016 Super Bowl?,2016-02-07T18:20:40Z,94770,2525,320,PT2M57S
9Ax56oRhcZc,Counting To 10000 In One Sitting,2016-02-01T00:27:55Z,68352876,715311,57294,PT3H29M41S
-cWVrFABWHw,HOW TO MAKE A VIRAL PRANK VIDEO 100% LEGIT,2016-01-26T21:38:09Z,165168,5942,426,PT2M26S
z7qtJAAV5d0,Is Obama Dead? Dumb Google Searches!,2016-01-24T00:21:47Z,228268,4690,284,PT5M24S
9pk-neTrDoM,How To Be MrBeast (Made By Really Old Subscriber),2016-01-23T19:46:56Z,70008,2883,280,PT5M21S
JQscW6DfNZY,Should You Play Video Games?,2016-01-22T17:04:58Z,97747,4260,188,PT2M59S
9smE_EiKJ8Q,School Is A Waste Of Time,2016-01-21T22:45:37Z,133156,5796,734,PT2M54S
hfaPkoXeYfU,Is Michael Bay My Dad????????,2016-01-18T21:46:21Z,77220,2391,247,PT1M42S
u0hHxeWkB_o,Lottery Taxes - How Much Tax Is If You Win The Lottery,2016-01-16T19:25:35Z,135763,3652,256,PT3M40S
64WGWubQO3I,Motivation For Small Youtubers #3,2016-01-12T00:57:36Z,179896,9337,1238,PT3M31S
QJUs6CSRCFU,Giving Away Two $15 Gift Cards (forgive me boyz),2016-01-10T23:32:03Z,56644,3079,542,PT3M11S
Om4c4ilT_6g,Do Dislikes Matter On Youtube - Are Dislikes Bad Or Good?,2016-01-07T22:19:01Z,381281,23878,2042,PT4M24S
GbOfxRfHdeg,How To Get Active Subscribers On Youtube? Tips 2016,2016-01-05T22:05:42Z,93713,4425,710,PT5M45S
yzxYCRDcGDs,Reaction Channels Are Stupid??????? #JCTG,2016-01-05T01:49:06Z,73955,2168,422,PT3M14S
PCakYf_PnT0,Goodbye Laptop,2016-01-01T23:49:09Z,167069,6964,619,PT2M16S
8nv_ltg4RAg,2015 Year Highlights,2015-12-30T20:18:43Z,72005,2467,515,PT4M3S
VvphlSvCyj8,MrBeast Rest In Pepperoni 6000,2015-12-27T20:15:59Z,223983,5923,453,PT3M4S
JP3v6UxI124,How To Think Of Good Video Ideas (Tips),2015-12-26T17:38:52Z,124767,7862,528,PT6M13S
jRURlbRAUhI,Whats That Song Name?,2015-12-24T17:01:11Z,195625,7567,1449,PT1M52S
I_3R9YGFlHE,The Anti-Beast,2015-12-23T23:51:22Z,916978,29760,1765,PT2M39S
xjJJ_wDlc1E,"Reacting To Family Accounts (MamaBeast, MrBeast'sLaptop, Etc)",2015-12-22T22:30:23Z,941283,20470,1965,PT9M24S
cqirhwhq_qM,Do Youtubers Pay Taxes????? (USA),2015-12-19T19:21:52Z,109128,4420,414,PT6M31S
3IQdDBwc42o,Why Does This Video Have No Thumbnail?,2015-12-15T01:43:00Z,97871,4062,433,PT3M1S
4YHnf3YepwU,Totally 100% Real Epic Ping Pong Trickshots,2015-12-11T22:00:01Z,94962,4362,300,PT1M21S
uxzBq4Y_fNw,Exams Be Like,2015-12-10T00:15:18Z,471301,14150,1066,PT3M54S
HIhUkvAG0o4,How Many People Have A Silver Play Button????,2015-12-08T22:22:47Z,450653,12653,808,PT3M33S
cpI5lCaqZcQ,How To Get More Views And Subscribers On Youtube (2016),2015-12-03T21:00:00Z,74320,3400,324,PT3M12S
6zQhLOw1nw8,Should You Do COD Commentaries In 2016????,2015-12-02T23:51:26Z,56655,1419,283,PT3M47S
mfvi_jgdVqE,THINGS I HATE #1,2015-12-02T01:20:16Z,473993,15679,1658,PT3M40S
zExxMxcoJ6A,Worst MrBeast6000 Intros?? (Fan Made!),2015-11-30T21:38:00Z,491026,13381,1627,PT2M13S
hD_Af6W2qug,Dear Razer Can I Have My 70$ Back?????,2015-11-29T21:10:16Z,7603874,350590,24614,PT2M59S
XOtTKQujlkI,"How Many People Get The Golden Play Button? (1,000,000 Subscribers)",2015-11-28T00:45:38Z,151876,3855,550,PT3M
dRqthQ2Mc_0,"Spam404 Has Terminated 5,000,000 Videos (Including Pewdiepie)",2015-11-26T17:36:51Z,113541,2730,286,PT2M23S
8TFq_vvO_Wg,MrBeast6000's First Video (So Bad lol),2015-11-19T21:29:40Z,14113686,536567,34938,PT3M7S
oo8ve4Ldpck,The Evolution Of My Youtube Banners,2015-11-18T21:16:57Z,73890,2439,390,PT59S
sKn8Tbp2a-4,"Shark Tank Most Successful Products, Entrepreneurs, Or Businesses 2015",2015-11-08T19:33:42Z,147234,1357,186,PT4M54S
g0IrVKXIbmE,PSYCHO FRIEND SMASHES MY LAPTOP! (Mc Juggernuggets Parody),2015-11-06T00:07:37Z,306499,11538,898,PT1M32S
2Om2M4_Kyd0,FREE TO USE BO3 GAMEPLAY - 1080p,2015-11-03T01:58:07Z,56177,1825,161,PT2M45S
KaaEivIqX6M,Double Agent (Short Film),2015-11-01T14:33:38Z,165470,6102,477,PT7M50S
W4gBpws7Ug8,YOU ONLY DO YOUTUBE FOR VIEWS,2015-10-29T21:12:15Z,81498,3503,266,PT5M34S
NT3EkjxO8hs,"10,000 QNA With MUM",2015-10-29T00:21:29Z,331257,14246,1801,PT3M55S
syMozMiJneM,Why I Stopped Playing Video Games - Video Game Commentary,2015-10-25T21:20:24Z,64973,1724,210,PT4M44S
Wt6cMjn3YLg,YOUTUBE RED STEALS CONTENT CREATORS MONEY? What Is Youtube Red?,2015-10-21T23:13:36Z,58148,2366,197,PT5M26S
OEuS7fjMlMc,Millions Of Views!,2015-10-18T23:15:40Z,895845,28194,1890,PT3M47S
1Pr-R2nKTY4,"How To Get 1,000 Subscribers On Youtube - Vlogs Gaming",2015-10-15T20:12:22Z,94675,4337,523,PT2M59S
QqdUhn99E-s,High School Education Be Like (Paying Taxes),2015-10-14T21:10:31Z,59274,2031,222,PT2M46S
1UygJmcHUdQ,I Got Bored Of Studying So This Happened,2015-10-13T01:15:19Z,700262,20772,977,PT2M9S
g4DAFnZcCcQ,Best Microphone For Youtube (Gaming Commentaries Vocals Singing Podcast),2015-10-11T18:56:01Z,56202,2008,340,PT3M37S
LTr8cXAxy1I,9k Subs - Channel Talk,2015-10-10T17:20:05Z,116179,4005,860,PT4M35S
Ow3xqv7ahXo,How Much Money Does Bill Gates Make / Have - Billionaire,2015-10-09T22:27:01Z,134872,3998,342,PT4M4S
TRiF8PdrIP8,MrBeast6000's Channel Trailer,2015-10-08T20:00:00Z,1628199,125902,12294,PT1M55S
NFZ_MtTvwm0,Best Non-Copyrighted Songs For Videos! (Intros Vlogs Gaming Trailers) 2016,2015-10-05T22:41:22Z,82579,2576,258,PT2M59S
Pgxi8dsUW-o,Is Being A Youtuber Hard? Is Being A Youtuber Worth It?,2015-10-04T20:35:42Z,105160,4459,600,PT5M21S
YY2-jJojnOA,Best Green Screen Lighting Ever? (Joking Obviously),2015-10-03T21:06:46Z,548854,13223,653,PT3M24S
7Pogam71094,How Do Youtubers Make Money? How Do Youtubers Get Paid?,2015-09-29T23:16:50Z,120024,3796,480,PT6M6S
DL0OPJ2hahc,Increase Youtube Views 2015! COMMUNITY CHANNELS - Boosting Youtube Views,2015-09-27T21:04:03Z,56219,1827,303,PT3M52S
WwE0tR08OTU,Originality - A Youtube Poem By MrBeast6000,2015-09-26T23:04:34Z,56179,2179,314,PT1M48S
2LIJtcI4dbg,Stupid Things People Search On Google,2015-09-25T22:57:49Z,1374492,72592,4024,PT5M17S
rXnaD7PU9kY,"Ad Blocker For Chrome and Mobile, Should You Use It?",2015-09-23T23:54:06Z,86663,3234,497,PT5M15S
Ng_qwlvhrJo,PC Master Race Vs Console Peasants,2015-09-21T23:40:01Z,57244,2360,267,PT1M59S
bzIPun3cVsw,Shia Labeouf Motivates Youtubers!,2015-09-19T22:53:26Z,376254,10547,586,PT1M28S
miKQkeq5sbU,Knives In Video Games Cost More Than Real Life????,2015-09-18T23:57:02Z,64772,2165,272,PT3M43S
Lwt_VThQIdM,"Why I Sold My PS4, Not A Gaming Channel???",2015-09-18T00:21:53Z,56185,2236,282,PT4M6S
P2oPACr4uuU,Selling PS4 For $250 + Elgato For $100!,2015-09-16T22:26:34Z,56237,1702,291,PT2M38S
h-D6ukDcS9o,Do Tags Do Anything On Youtube?????,2015-09-13T20:48:10Z,153586,5859,615,PT3M37S
mY77HA20MzA,Bronze And Platinum Play Buttons?????,2015-09-13T00:23:55Z,1065985,30501,2534,PT4M23S
4krBgDFycgY,7k SUBS! Smashing Ghost + AW! Plus Channel Talk!,2015-09-09T21:48:18Z,85683,3127,369,PT4M58S
dpUxRIqbNlc,Exility vs Dr.Pineapplez - Misleading Contest!,2015-09-08T22:06:36Z,56174,4516,854,PT4M18S
Cp431S5z8PE,6 Uses For Your Advanced Warfare Disk!,2015-09-07T20:40:56Z,56192,2091,375,PT1M5S
ttLYXcza4j4,MrBeast‚Äôs Outro Song,2015-09-05T20:15:02Z,8659741,388047,18342,PT2M11S
3-f9DEFsh4w,Watching Video Games Is A Waste Of Time????,2015-09-05T16:14:19Z,56188,1907,380,PT4M3S
vuOTP206zWM,"Pewdiepie's Shoutout, What Would You Do If You Won?",2015-09-05T00:49:25Z,56175,2087,317,PT4M38S
J590MYm0SY8,How I Will Survive The Zombie Apocalypse!,2015-08-31T22:11:06Z,235713,6792,732,PT6M1S
vGB2d5cQJpY,How Much Money Do Youtubers Make? Real Numbers!,2015-08-30T21:37:55Z,398868,11295,686,PT3M14S
M94G0iKYiSM,HONEST Shout Out Sunday! Free Subscribers!,2015-08-30T18:06:45Z,56227,1789,499,PT3M30S
pGYyUssWLTA,Social Media As A Job????,2015-08-29T18:20:31Z,56293,2145,474,PT3M9S
j7kM8G_AjuY,Airplane Pilots Last Words Before Death,2015-08-28T21:56:21Z,145787,2718,215,PT2M29S
deK-My3Of0o,How Much Do T.V. Commercials Cost?????,2015-08-28T01:40:10Z,56196,1592,245,PT3M29S
oB8kFFvJdhE,How To Tweet When You're Dead! DEADSOCIAL Facebook And Instagram Also!,2015-08-27T10:00:01Z,56197,1901,381,PT4M29S
X9eXa-Uzuj0,My Favorite FaZe Clan Members?????,2015-08-26T10:00:00Z,57579,1791,219,PT3M54S
GxTVDClFXuc,MrBeast6000Subs,2015-08-23T11:00:00Z,900433,56177,4693,PT5M20S
kGaq-Qi9hoE,"Youtube Networking - Aka Fake Likes, Subs, And Comments",2015-08-21T20:04:55Z,56201,2816,450,PT4M28S
9zFfp3gzZ88,I Hate Youtubers That Ask For Likes,2015-08-20T19:13:03Z,205404,10818,709,PT4M16S
mM2KwBYa-u4,My Mom Found My Channel!! :0,2015-08-20T01:44:22Z,761686,25841,2466,PT4M29S
WAcmsAISniQ,1080p FREE TO USE BLACK OPS 3 GAMEPLAY,2015-08-19T21:35:16Z,81962,1875,178,PT2M23S
kqUT-s3a6tU,"Black Ops 3 First Impressions, My First Game",2015-08-19T02:44:52Z,56189,1681,382,PT3M41S
NUVglXbGBfs,Dogs Opinions On Youtubers Getting BO3 Early,2015-08-18T20:55:37Z,98419,3011,179,PT1M16S
T-v4b3WtPAg,BO3,2015-08-18T17:07:49Z,1284840,33376,2308,PT3M41S
m8qGlpcfAIw,Xbox One Destroyer? COD Advertisement Is Free,2015-08-18T01:08:14Z,56200,1675,301,PT4M8S
uZPkMnv8b-o,Modern Art Is A Joke,2015-08-15T10:00:01Z,64233,1954,158,PT2M56S
qVLr6SMxvJw,5 Steps To Becoming Successful On Youtube!,2015-08-14T10:00:03Z,83920,3439,387,PT3M13S
4AigP5OY8JE,Time,2015-08-13T10:00:00Z,89832,2160,277,PT2M2S
RMoFUeBVefA,Beast $500ish Youtube PC Great For Making Videos!,2015-08-12T10:00:00Z,83053,1571,190,PT4M4S
ep7S1XnuQLU,"5,000 Hype",2015-08-11T10:00:00Z,154707,3457,553,PT3M5S
p6bzNpgbX8Y,What Is Crohns Disease?????,2015-08-10T10:00:01Z,283119,7248,582,PT4M21S
6T17licWsQ4,Leaving For 7 Days,2015-08-09T14:26:58Z,57747,1475,303,PT7M11S
1s6UOlWdpw4,Motivation For Youtube - Ultimate Small Youtuber Motivation #2,2015-08-08T22:15:43Z,189599,7204,721,PT3M29S
3LuchpUc7PU,Should I Buy An Elgato Game Capture??,2015-08-07T10:00:00Z,56187,2024,505,PT2M57S
_f6xCA0-gAo,Fanboy Opinions On Black Ops 3,2015-08-06T00:58:47Z,56176,1399,303,PT3M56S
lfD7kMZKuNg,Big Channel's Starting Over???,2015-08-05T10:00:02Z,56195,1540,283,PT3M19S
ejlkNGm82w4,SAT And Some Random Stuff,2015-08-04T22:14:13Z,56193,1692,653,PT3M26S
Jtj9rUqlB1Y,How Many Youtubers Are Millionaires???,2015-08-04T00:18:58Z,118767,1976,257,PT2M49S
ZqzFRGH_tMQ,Always Changing My Name? Mr.Beast or MrBeast6000,2015-08-03T10:00:03Z,182582,4435,535,PT2M41S
94A-bsumX9A,How Much Youtube Money Do I Make???,2015-08-03T02:19:22Z,427115,10156,651,PT2M28S
gYaxI_allkQ,Am I Ian From Smosh????,2015-08-02T19:09:03Z,1032205,13307,632,PT2M18S
AjXbO2XfBkE,How Do You Turn Off A PS4? Xbox Noob In Need Of Help,2015-08-01T21:51:25Z,96754,2040,291,PT1M12S
ZQZzR0DUujc,"New Optic Gaming Gear Coming To Advanced Warfare, My Thoughts",2015-08-01T16:47:55Z,56233,1803,414,PT2M31S
-V3-fhJQZkk,Youtube Collabs? Collabbing with Mr.Beast?,2015-08-01T10:00:01Z,106978,2198,219,PT3M33S
QX0wvWGW2qg,Sacrifices And Youtube,2015-07-31T18:03:32Z,56176,2613,483,PT3M39S
oODUkNQAzXU,5$ To Advertise Your Youtube Channel???,2015-07-31T00:13:08Z,164725,3028,271,PT2M1S
2jWZtKTN6jU,Reuploading Other Youtubers Videos? Stealing Big Youtubers Videos.,2015-07-30T18:23:18Z,56188,1499,243,PT4M14S
zsADECFHY8w,4k Subscriber's! First Channel Story!,2015-07-30T01:56:38Z,105808,3112,433,PT5M14S
Feh8o-HmthM,People Who Got Rich From Movie Trailers On Youtube,2015-07-29T19:00:00Z,96907,1637,229,PT3M26S
6Xv-LVYZQxk,Beast Gaming Set Up #almost4k,2015-07-29T15:31:24Z,85306,2421,396,PT2M31S
8-0ZHJHp9g4,Advanced Warfare DLC 4 Honest Parody,2015-07-29T00:37:21Z,56195,1649,399,PT2M37S
QqIG0R-KpGk,World's Worst Thieves,2015-07-28T17:17:48Z,92880,2135,183,PT3M29S
qENpZBzgaUM,VANOSSGAMING IS IN TROUBLE,2015-07-27T22:13:05Z,248788,3934,553,PT2M53S
4DYBVA4884Y,SpiderMan Robs Walmart?????,2015-07-26T19:21:24Z,56194,1610,241,PT3M7S
skEf9R0TXkM,My Upload For ThunderstruckGaming,2015-07-25T22:35:54Z,56186,1456,244,PT3M40S
CnMv_zTXZ38,Best FNAF 4 Fake Reactions! So Funny lol,2015-07-25T16:38:00Z,90371,2749,364,PT2M27S
bEIK5ni_Pzs,How Many People Get The Diamond Play Button?????,2015-07-25T10:00:03Z,1805883,18434,2739,PT3M56S
_oZyp4mTzSQ,Supply Drops For Charity! Ep #2,2015-07-24T10:00:00Z,56185,2180,945,PT5M2S
is1LSWbssuA,Best Thing To Happen To This Channel?????,2015-07-23T10:00:00Z,56187,1817,291,PT1M28S
XR_q9_LEKuc,Supply Drop Challenge For Charity,2015-07-22T17:59:43Z,56186,2261,651,PT4M55S
X9UiBpDHW3w,FaZe Clan Vs Pewdiepie Who Would Win?????,2015-07-21T18:51:04Z,66663,1241,166,PT2M51S
PRU47AuQF2M,"FaZe Adapt ""Stuttertage""",2015-07-20T17:49:03Z,116824,3257,388,PT4M44S
Y3Rxgf5_R_I,The COD Community? Sleeping With Your Mom?,2015-07-19T17:37:51Z,56198,1836,454,PT3M3S
R6zuvKbvKyU,Exility And Some Other Stuff - Update Vid,2015-07-18T18:02:27Z,56192,11402,3281,PT4M45S
yCKe65Nvp0Q,Every Minecraft Let's Play Ever In Under A Minute,2015-07-16T22:00:01Z,120983,3738,283,PT1M
XBe57FyB2xU,Why I deleted Today's First Upload,2015-07-16T17:03:16Z,61679,1522,203,PT1M55S
zpCwHwWgbsI,What Is Spam404?????,2015-07-15T15:05:18Z,56231,1384,326,PT5M11S
lh61MVUxJt0,The History Of Pewdiepie In 2 Minutes,2015-07-14T10:00:01Z,252820,7241,562,PT2M6S
yWnmEPgLroQ,TWITCH STREAMERS REACT TO RECEIVING THOUSANDS FROM SAME GUY!,2015-07-13T10:00:01Z,219623,2223,266,PT7M32S
eBklqeeIu10,I Hate Spam On Youtube,2015-07-12T19:08:52Z,56176,1914,563,PT3M9S
SgMydsOucFg,INSANE TRIPLE LEGENDARY SUPPLY DROP! BEST OPENING YET?,2015-07-11T20:08:50Z,56176,0,317,PT3M29S
jPm3hRiMKuU,Low Bridge Causes Dozen's Of Wrecks! 11-8 Bridge,2015-07-10T21:56:20Z,56179,2176,510,PT3M43S
OweuuinkVZI,3k HYPE,2015-07-10T18:05:46Z,152403,4514,683,PT3M23S
7Pr0HP-Trgk,How To Become A Gaming Youtuber! All You Need To Know!,2015-07-08T22:00:01Z,56194,2017,432,PT7M2S
UEK0fYAqMss,My Solution For The Theft At The FaZe House - @FaZe_Rain @FaZeAdapt,2015-07-08T10:00:00Z,56219,1298,234,PT3M7S
lRznKN2oPUc,5 Popular Channels That Were Terminated,2015-07-07T22:00:00Z,136546,4524,1002,PT5M
IDrS_TrjuK4,What Is Youtube Terms Of Service?????,2015-07-07T10:00:00Z,56529,1346,251,PT4M9S
J1lhxfZtR3M,Do You Think You Will Be Famous?????,2015-07-06T22:00:01Z,143472,3162,614,PT3M44S
b_o8cz0ZNdk,What Is Swatting? Why I hate It!,2015-07-05T18:08:37Z,95320,2413,240,PT4M19S
i5dhcAxO25Q,Reddit Is In Chaos After Firing Victoria,2015-07-03T20:11:21Z,58700,1144,174,PT1M46S
-o_8CDbFMJ0,Paid Promotion On Youtube Good?,2015-07-03T19:26:09Z,57175,1174,165,PT7M19S
v5J1Cycn3s8,How To Gain Youtube Success,2015-07-02T17:10:49Z,86546,3042,312,PT2M42S
YJiqYG-Mylk,FaZe Members Reaction's To Joining Faze,2015-07-01T19:56:45Z,606431,13707,689,PT3M11S
jGE1sUTeR5g,Battle of The Beasts Round 2 Winners!,2015-07-01T04:02:27Z,56214,1473,331,PT14M7S
0tZCQ25fsoI,Youtube In 10 Years?????,2015-06-30T16:31:29Z,217430,5663,1764,PT3M6S
N9jTogPwqVY,The Ultimate Motivation For Small Youtubers,2015-06-29T17:27:21Z,301205,15813,1946,PT2M44S
yyJ7xEcENNI,How Much Does Pewdiepie Make?,2015-06-28T22:41:05Z,242729,3135,219,PT3M53S
3rJgCGMPEqA,Random Stuff You Don't Care About,2015-06-27T23:32:54Z,56256,2111,416,PT2M22S
7isfkomGg7o,Battle Of The Beast Round 1 Winners!,2015-06-23T19:49:57Z,56183,1522,235,PT9M13S
UCYefSGBP00,The Truth About Big Community Channels,2015-06-22T16:32:02Z,56188,2059,811,PT4M33S
dvdGkRK5a_0,WORLD'S FIRST BLACK OPS 3 GUN SYNC!!,2015-06-22T01:19:49Z,69269,1648,158,PT1M21S
X7doE4h6W64,Insane Gun Sync - 7 Hours To Make,2015-06-21T12:22:34Z,56173,2161,529,PT2M14S
GhppzOzN3MM,Battle of The Beasts Bracket!!!! (Not accepting anymore),2015-06-20T03:32:30Z,56204,1515,317,PT1M38S
QkXDatNdL4U,Free To Use Advanced Warfare Gameplay! 2015,2015-06-19T14:07:22Z,56184,1627,344,PT2M5S
hyt2t4r8lQ4,Battle Of The Beast Tournament UPDATE!,2015-06-18T23:25:47Z,56195,1875,660,PT2M32S
-mlok5iT3GE,My Top 5 Favorite Things At E3 2015,2015-06-18T17:18:38Z,56186,1742,420,PT2M30S
STvOHHgJ1sQ,Battle Of The Beasts (youtubers needed),2015-06-17T20:58:19Z,56200,1475,338,PT3M3S
2-ErX5oDzwM,History Of COD Part 2! Black Ops 1 - History Of COD On Youtube!,2015-06-13T21:34:28Z,56391,1290,173,PT10M49S
7ytYV-tVIvg,How Did Notch Become A Billionaire? How Much Did Minecraft Sell For?????,2015-06-12T17:47:14Z,113481,2712,221,PT3M36S
ELIoOUKSOJQ,Top 10 Richest Gaming Youtubers?????,2015-06-11T16:42:11Z,246920,7443,488,PT4M5S
uAoayezOaug,Markiplier Is A Great Man! Sub shodleech!,2015-06-09T02:56:28Z,207932,2233,159,PT2M3S
Vr2337tCLCI,Insane Advanced Warfare Hacker!,2015-06-07T22:58:31Z,56191,1805,339,PT2M14S
NV7qmqbS8tM,"What Is Considered A ""Bad Video"" On Youtube????? #karnageRC",2015-06-07T21:38:42Z,71546,1486,162,PT4M12S
U9c-ycvw02A,I Think I Am Going For The #KarnageRC,2015-06-05T15:21:50Z,56171,1877,501,PT3M52S
GfgcVOuHLAo,Every FaZe Video Ever #karnageRC,2015-06-04T19:09:17Z,56176,1748,238,PT3M17S
zi7tZ-2PhLk,How Much Money Do You Make As An Uber Driver??????,2015-05-31T18:31:25Z,56222,1328,190,PT5M4S
TacjQmKCiZg,How Much Does Faze Rain's Giveaway Cost??????,2015-05-30T21:27:08Z,56200,1559,360,PT1M13S
AIytwdufwW8,MY MESSAGE TO COD YOUTUBERS (Watch till end plz),2015-05-29T20:07:48Z,56220,1434,252,PT4M52S
KLAI0c0Spog,Best Of FlipArtz - His Best Advanced Supply Drops EVER!,2015-05-29T17:06:25Z,113255,1386,114,PT10M40S
UVin8WtE5eU,Summer Is Finally Here!,2015-05-28T21:46:37Z,58480,1228,251,PT2M26S
wNuxirsrwBk,Why Are Things Unbalanced In Video Games?????,2015-05-28T20:36:06Z,86954,1334,169,PT3M30S
6bxZpS0cm5o,New Channel?,2015-05-23T22:59:21Z,158760,4147,406,PT4M51S
ajJbMGq9AS4,"Youtube ""Freinds""",2015-05-23T01:28:10Z,95605,1567,204,PT4M39S
UXw9jqgJNNc,"Youtube Stat News - Vevo Gets 10 Bil. Views A Month, Channel Milestones, and more!",2015-05-21T00:31:22Z,56170,2332,776,PT5M28S
E3CqKvlzl-I,Big Changes??? Idk just watch the stupid video,2015-05-18T21:29:43Z,56188,1761,387,PT6M34S
zfDr05ax0gM,How Much Money Does DramaAlert Make????,2015-05-15T23:53:16Z,56207,1843,349,PT1M32S
56OkH6ocYZU,L0114R - Biblical Creeper Post for Post @L0114R,2015-05-15T16:48:54Z,56176,1230,248,PT1M28S
w40Z8aT5fpQ,Why Do We Do Things That Are Bad For Us?????,2015-05-14T23:52:57Z,56199,1802,267,PT3M24S
zgDezsMQyyU,How To Monetize Your Videos And Make Lots Of Youtube Money!!$$$,2015-05-10T20:59:50Z,56210,1619,325,PT10M23S
UEwnitHoSDw,DIY $23.00 Mini Sound Booth? Does It Work?,2015-05-09T19:47:51Z,144555,2672,192,PT3M49S
__SaaKSW9iE,Cut Coms vs Uncut Coms,2015-05-09T06:53:13Z,56288,1504,312,PT2M39S
qWnyJ55KBKo,Minimum Wage,2015-05-07T23:27:32Z,73380,1655,169,PT1M59S
52awie9G00A,My New Channel Trailer ;),2015-05-07T01:27:48Z,62170,1660,142,PT1M17S
bB99NdUoxEQ,Why I Changed My Channel Name,2015-05-03T23:59:54Z,141885,3641,345,PT3M16S
7GjSaNi8Epg,How Overpriced Is Movie Popcorn?????,2015-05-03T18:39:15Z,56203,1529,299,PT2M40S
h5uE4ERMiTk,Screw Warface,2015-05-02T21:41:18Z,56259,1499,244,PT3M37S
umRLkCrmwcs,My Problems,2015-05-01T02:23:50Z,72618,2020,235,PT4M7S
rHoLyltYDtQ,Ma Channel,2015-04-29T23:50:00Z,56178,1625,286,PT2M48S
yeHjsYQ076A,Remember When COD Was Fun?,2015-04-26T21:26:36Z,56201,1688,321,PT3M36S
pqrdPu2ESFo,My Baby Got a Virus :(,2015-04-25T22:34:19Z,77942,1685,225,PT2M55S
ywZy_Fo2ydo,Modern Art Is A Joke,2015-04-25T15:02:30Z,56303,1508,227,PT2M49S
qr4v9pdfVlU,Cheat Channels,2015-04-24T01:53:38Z,56178,1669,365,PT3M34S
hgiPX33AHas,Time,2015-04-22T21:33:54Z,85160,1772,160,PT1M54S
oZ-Mn5p1xMw,"2,000 Subscribers",2015-04-18T18:45:34Z,297650,12149,2815,PT2M25S
5UPa_hu5opg,Youtube,2015-04-14T22:39:24Z,94237,2257,223,PT4M37S
zv_oq5UNDAo,"How To SAT, Get Into Yale",2015-04-13T11:08:02Z,56253,1298,180,PT4M5S
NiqkH7qVW0U,100k Subs With No Videos????,2015-04-11T16:51:40Z,478056,9473,2823,PT4M17S
boBokLXe5o8,Is Jacksepticeye A Millionaire?????? 2016,2015-04-09T23:07:38Z,210620,3455,657,PT3M10S
7YOzgk-U4EU,How Rich Is Buzz Feed???,2015-04-07T11:16:50Z,67440,1143,197,PT3M25S
prdSftLj9-g,How To Do A High School or College Paper!,2015-04-06T11:42:14Z,93392,1783,187,PT3M56S
pzlPJmNyepA,What is Crohn's Disease?????,2015-04-04T20:31:25Z,517806,18149,1202,PT7M3S
QNoqAnJOSqU,What Happens If You Get A Copy Right Strike??,2015-04-03T19:45:11Z,176019,4495,542,PT3M52S
kzIA4vKyhRQ,5 Steps To Becoming Successful On Youtube,2015-04-02T23:10:02Z,173754,7907,682,PT3M13S
DfonKqMENrg,Making Youtube a Priority,2015-04-01T23:58:35Z,61804,1696,211,PT3M16S
MUQCwdkEbq0,Why I Was Not Uploading,2015-03-21T22:11:51Z,57465,1299,193,PT1M35S
JlUzoQN9FWw,Youtubers Analytic's Explained,2015-03-06T01:07:06Z,59327,1469,158,PT3M37S
0VjLq-go1fg,How Much $$$ Does Every Member of FaZe Make COMBINED????? 2016,2015-03-05T02:07:01Z,106616,1683,335,PT3M57S
uCIpW9zOmgI,Is Pewdiepie The #2 Youtuber?!?!?  :0,2015-03-04T01:53:50Z,88742,1765,319,PT3M55S
Z0Poefgrs4w,How Much Money Does Smosh Make????? 2016,2015-03-03T01:14:27Z,74490,1350,213,PT2M47S
MLN6TRB9Jxw,Who Are The Worst Youtubers?????,2015-03-01T12:00:00Z,257650,4145,399,PT3M36S
vZrL_FFITgs,Subscriber Goals For 2016,2015-02-28T17:12:07Z,56699,1508,562,PT4M8S
L7lGD_anC00,How Many People Do Youtube as a JOB?????,2015-02-26T02:07:13Z,56865,1473,230,PT2M54S
xu1nhAfnMGA,How Much Money Does Syndicate Project Make????? 2016,2015-02-24T20:26:12Z,84803,1187,243,PT3M23S
D1livXdFGkQ,Are Youtubers Millionaires?,2015-02-22T19:45:00Z,186406,3353,399,PT3M15S
bwp_3qLgWpQ,Magecraft - Epic Hit! 11k Troops killed.,2015-02-21T15:41:14Z,56175,1452,320,PT3M53S
tZpnfF0-7Ls,Highest Paid Musicians????,2015-02-17T21:38:06Z,133477,2105,282,PT4M48S
BwAMltY3-c0,Making Fun Of Youtuber's Intros.,2015-02-16T19:45:42Z,318376,7616,603,PT1M54S
7HBR3Ea72CY,10 Things You DIDN'T Know About Youtube!,2015-02-08T00:04:06Z,71484,1625,166,PT3M1S
Ds9H2UnUHL0,Quitting?,2015-02-06T22:27:38Z,133811,4775,646,PT3M46S
iqUFeWAVp-0,How Much Money Does Markiplier Make????? 2016,2015-01-04T20:59:46Z,136364,2210,235,PT2M34S
W2skFWRk6qo,PewDiePie Uploads A Fake Video! LOL,2015-01-01T18:56:04Z,82438,1593,205,PT2M35S
X_qd-1xSTFA,Pewdiepie Was On T.V.,2014-12-07T17:51:08Z,152996,3482,400,PT2M29S
VWa0ImMY2bQ,Five Facts You Didn't Know About Youtube.,2014-12-01T22:00:05Z,97496,2106,232,PT4M21S
fEcASr38n2E,Milestones And Plans For My Channel,2014-11-30T18:21:44Z,72338,1740,272,PT3M
udmf5MQLNGA,How Much Money Did Gangnam Style Earn??? 2016,2014-11-26T22:53:11Z,103135,1998,237,PT2M24S
0dg2eR2NSQ0,Best League Player In The Universe.,2014-11-23T17:37:28Z,323544,17076,947,PT3M
6BNOWeYFyP8,MageCraft - Beginners tutorial. (The app),2014-11-17T02:25:46Z,56177,1320,194,PT8M47S
LDegY-H60_U,How much money does VanossGaming Make? 2016,2014-11-02T16:06:08Z,328647,4574,280,PT3M20S
D51HaR-XvgM,Opening Old Basketball Cards! Ep. #1 (Michael Jordan Found),2014-10-21T02:19:05Z,184677,3937,303,PT4M27S
Rio7r_vLUEo,20 Best Websites?????,2014-08-29T22:45:20Z,178120,3410,443,PT6M44S
8E5Ygl02wtM,"How Much Money Does ""Chris Smooth"" Make?????",2014-08-21T22:46:35Z,70524,1289,178,PT4M2S
moMJjt5KECc,Money Problems,2014-08-20T17:40:18Z,279590,5053,402,PT4M2S
OffgqPzDi7Q,Vanoss vs Speedy! Who is better? Updated.,2014-08-20T01:57:30Z,56176,1571,347,PT3M45S
B_7uD3B62MM,Welcome To My Channel!,2014-08-18T00:01:52Z,80953,1938,175,PT28S
bA20RJcegOI,1500,2014-08-08T18:58:18Z,303178,8856,1569,PT2M23S
NbHwVDt9Rjk,How Much Money Does Yogscast Make????? 2016,2014-07-13T18:37:22Z,56439,1104,168,PT3M46S
VzsE09KjpKA,How Much Does WhiteBoy7thSt Make????? 2016,2014-07-11T21:52:50Z,302568,2810,217,PT3M27S
HduubRTdko4,"How Much Does ""Epic Rap Battles"" Make?????",2014-07-10T23:05:51Z,56175,1532,226,PT3M20S
qFOGv5zuTdw,How Much Money Does FaZe Make?????,2014-07-09T21:15:15Z,56180,1654,294,PT3M18S
u6t4jrhs56Q,"Top Youtube ""ShoutOuts""",2014-07-09T00:07:05Z,56238,1922,346,PT6M5S
460GXJiGCEs,Youtube Dream,2014-07-08T00:17:34Z,76485,2282,594,PT4M31S
ZiuoOcj2eLY,In Dis Video I Play Minecraft. (Factions),2014-07-05T15:57:13Z,59188,1707,199,PT8M49S
LYK6SPMtJ_Y,Youtube Grind,2014-06-28T21:06:46Z,113805,2867,220,PT3M20S
2ljWxaMvE_0,Hacker in Ghost???? I Couldn't Kill Him.,2014-06-22T00:27:19Z,56239,1680,386,PT36S
rSuuQ_s8gOw,How Much Money Does Tmartn Make?????,2014-06-21T18:43:51Z,56176,1697,347,PT2M37S
vKKhX-Uyggw,How Much Money Does FaZe Rain Make?????,2014-06-18T14:00:09Z,70043,1439,169,PT3M35S
EAwXH82m-6A,G2g Brb,2014-06-16T14:00:07Z,56186,1764,413,PT3M
U_07AG_CR5A,Crazy Nub Tub Reactions! Bo2 Fun!,2014-06-13T22:44:22Z,56193,1722,368,PT3M40S
Xe0AGtF5aNU,Fun In COD. - Insane Reactions Lol,2014-06-10T19:01:43Z,56174,1785,408,PT3M49S
NCv0drAPm_M,Minecraft Build-off Fun!!!!!,2014-06-09T12:00:07Z,74245,2011,210,PT3M33S
HuLAAXZXIy0,This Kid Should Quit COD....,2014-06-02T21:37:07Z,80515,1651,207,PT1M17S
pV7UcYW1OwA,Computer vs Console My Perspective.,2014-06-02T18:08:34Z,106479,2348,341,PT3M25S
x4IXCimma-s,5 Youtubers I Think Will Be Famous...,2014-05-31T21:06:55Z,230106,5717,880,PT4M24S
anZbhN0Wh_4,How Much Does PewDiePie Make????? 2016,2014-05-24T19:33:12Z,404719,5791,426,PT3M26S
3Q3pQmzWyZM,I Got Really Really Really Bored....,2014-05-24T16:37:13Z,56682,1712,347,PT52S
BqS4iVHa-LU,How Much Money Does Penguinz0 Make????? 2016,2014-05-16T23:53:55Z,95613,3176,369,PT2M55S
zX04jQFKCpo,How Much Money Does CaptainSparkles Make????? 2016,2014-05-15T20:36:54Z,725465,7114,560,PT3M3S
G7Y9ban7b0U,How Much Money Does Tobuscus Make?????,2014-05-14T23:06:58Z,69982,1462,228,PT2M22S
EMVvA5Cr0fY,COD IS NOT DEAD,2014-05-08T02:19:42Z,76575,2246,304,PT3M22S
e14MroQ5k_s,Storm,2014-04-30T20:31:15Z,250007,7513,859,PT3M1S
CuzdxsOXEZ8,Hearthstone - All Beards Challenge!,2014-04-24T01:56:43Z,77088,1675,253,PT23M53S
67Wj-0OyKOM,Youtube ad.,2014-04-20T20:26:16Z,516394,9958,422,PT38S
LWstCINhd8g,Impossible,2014-04-20T01:45:45Z,83527,2657,343,PT3M53S
dg6iqLCPizs,Motivation,2014-04-17T01:22:40Z,91212,3158,276,PT2M54S
cRPldarzw-M,1k Subs,2014-04-13T23:53:33Z,17469556,1276670,89273,PT3M15S
-rdYtmUejSE,Yup I is the best at the game.,2014-04-05T13:00:05Z,279982,5258,538,PT6M57S
tusuuI7MEJU,Should I join FaZe?????,2014-04-04T19:44:52Z,871214,17661,1719,PT3M30S
XDe5f8BEvwY,"Youtube Networks Requirerments. (Machinima, TGN, 8byte....)",2014-04-01T16:37:55Z,89117,1363,188,PT4M46S
BtCGABBPH9s,Two Years of Youtube.,2014-03-31T16:31:32Z,443266,9637,1010,PT4M31S
KJ_C_NSl0P8,"How Much Money Does ""Element Animation"" Make?????",2014-03-30T23:40:18Z,182195,3429,349,PT3M29S
LI8nWXeYtOs,"How Much Money Does ""Skydoesminecraft"" Make????",2014-03-30T01:52:06Z,75642,1622,372,PT2M47S
LMe7k8I082w,Should College Athletes Be Paid?????,2014-03-29T00:18:35Z,86437,1924,295,PT4M36S
h77pHTSPSiw,"""Beast"" Channel Trailer",2014-03-28T21:01:57Z,68514,1845,235,PT2M1S
JUiijjJOInw,What It Takes To Be A Full Time Youtuber...,2014-03-27T19:00:05Z,59324,1867,459,PT4M41S
gpbY6zCEBv4,How Video Games Boosted My SAT Score. Lol,2014-03-26T23:59:45Z,61663,1727,230,PT2M57S
Kgu2ApayYvI,How Much Money Do I Make?????,2014-03-16T01:24:25Z,153502,4852,664,PT4M10S
S9PIukDRcvk,Update,2014-03-13T00:19:29Z,68861,1921,346,PT4M21S
lrw3zkGS9Vc,Subscribers.,2014-03-08T03:52:13Z,111583,3201,1113,PT3M
IQYW_lVBYGo,How Much Money Does KyR's Speedy's Crew Make?????,2014-03-02T18:14:47Z,99456,2006,309,PT2M54S
iOjxpow6jow,How Many Youtubers Are Millionaries?????,2014-02-26T23:52:57Z,481196,8693,1759,PT3M53S
GdD2pqAdjXY,"Flappy Bird - Builders Showdown, Which is Better?",2014-02-23T22:29:21Z,117145,3225,427,PT1M25S
nmHCmLVLxcU,New COD Zombies In 2014?????,2014-02-23T21:40:04Z,82481,2193,348,PT2M31S
TZPlDuYrcDQ,Minecraft Mansion Timelapse,2014-02-22T23:51:15Z,619180,19881,2312,PT5M2S
Oub4nMrNTqQ,Top 5 NON-COPYRIGHTED Songs!!!!!,2014-02-17T20:30:02Z,123720,3427,612,PT3M24S
h5Z36IuyrKc,Vanoss vs Speedy! Which is better?,2014-02-16T20:13:22Z,116082,2715,928,PT3M7S
2IGxSOfsBok,I Hate Pewdiepie!!!!!,2014-02-01T00:16:57Z,2999331,225467,14527,PT2M6S
ZxkLCq49Tvk,Does Spam Work?????,2014-01-20T23:41:17Z,450961,7217,743,PT4M15S
smDPnIdlkhM,100th VIDEO SPECIAL!,2014-01-20T01:17:01Z,432758,14094,1593,PT4M44S
DjMYkWCEan8,The Vortex SMP Episode 1! Just Derping Around and Explaining Things.,2014-01-18T02:49:24Z,131493,3623,396,PT25M19S
3nn_skHgkqI,Has Youtube Met Its Match?????,2014-01-12T01:25:53Z,103066,2301,287,PT2M44S
A8IkOqb_7Yg,How Much Money Does Pewdiepie Make????? (Updated 2015),2014-01-11T20:31:34Z,1845148,28263,2029,PT4M10S
hHl_YMivv3c,"Battle Pirates, my base.",2013-12-31T14:48:55Z,79962,1964,328,PT2M56S
7mLSbgyjM0g,"Battle Pirates, Hellstrike Base attack.",2013-12-29T22:22:57Z,70763,1918,327,PT2M52S
TGKkMl17Htg,"Battle Pirates, Unstoppable Ship!",2013-12-29T21:05:08Z,57489,2256,695,PT2M13S
Qw3eFnsSdlQ,Best Hellstrike Build???? (Battle Pirates),2013-12-29T17:10:57Z,57365,1924,486,PT1M37S
KcNCJ1mgt14,"Marauder Builds, Battle Pirates In Depth Builds.",2013-12-29T16:20:05Z,57408,2240,658,PT3M6S
A4lp4FRCo6o,"Battle pirates, How To Auto Lvl 40 Salvages.",2013-12-29T00:32:15Z,60414,1982,430,PT1M18S
WYKZz3Zygdc,Hellstrikes vs 7 halos!,2013-12-27T00:27:31Z,84065,2005,384,PT1M36S
5U2fmvh9_Is,"Battle Pirates, Hellstrike vs Epic Base!",2013-12-24T00:00:20Z,71345,1955,369,PT58S
xvIpibLjs5k,"Battle Pirates, Another Hellstrike Fail.",2013-12-18T23:47:57Z,70999,1996,355,PT57S
jlpAON0ePME,Battle pirates Hellstrike fail!,2013-12-18T22:31:02Z,71203,1977,339,PT47S
sfp0a6zDoNQ,"Battle Pirates, lvl 66 vs Missile Cruiser x Fleet!",2013-12-17T18:56:41Z,73369,1959,292,PT1M24S
RaDRWNz3Al4,"Battle Pirates, Hellstrike Too Overpowered????",2013-12-14T15:58:11Z,70950,2022,304,PT2M40S
Ms9MGkEm4mg,"Battle Pirates, All Sentinel Base.",2013-12-05T02:24:33Z,76929,2144,346,PT1M12S
90wWStXJX5c,"Battle pirates, Lvl 58 Mercury Base Attack!",2013-12-05T01:06:00Z,110284,2484,352,PT1M16S
ruSVy-u2DzM,"Battle Pirates, Stingray vs Mercury Epic Battle!",2013-12-05T00:00:24Z,74335,2354,457,PT1M6S
pP1KMQb51GA,OpTiC NaDeShOt Got Hack!!,2013-11-27T19:37:44Z,78954,2293,479,PT2M44S
dPxAFqs2eYE,"Epic Ghost Multiplayer EasterEggs! (PrisonBreak, Sovereign, and Flooded)",2013-11-17T18:26:11Z,110531,3266,335,PT1M40S
p-KVD5rA_Cw,Why Google Does Not Care What We Think....,2013-11-17T01:40:48Z,432758,7285,732,PT3M
JdCgkcb1iwQ,My First Kem Strike!,2013-11-16T19:48:55Z,84066,3097,652,PT4M29S
7anhkLPRk-A,Google+ The Death Of Youtube?????,2013-11-13T22:09:21Z,140429,3406,394,PT2M43S
XVMY7B3AzWM,How Much Money Does PewDiePie Make?????,2013-11-12T03:18:18Z,821200,15027,1426,PT5M32S
QXag-irFHxE,Most Overpowered Guns In Ghost!,2013-11-11T20:11:15Z,116673,3710,363,PT2M40S
vBEGODNmdas,Are Minecraft Faction Has A New Pet! (poopymiscquidlepants),2013-10-31T20:44:54Z,106073,2933,315,PT15S
v3tbnlc5cfo,Battle Pirates!,2013-09-21T22:18:59Z,111054,3979,729,PT3M35S
ObYLL97-SBA,How To Duplicate Diamonds!!!!,2013-09-15T01:09:42Z,177601,6386,587,PT37S
IaR7P4-wFK8,50k Video Views!!!! EpicSauce!,2013-09-08T22:20:48Z,267005,9037,817,PT1M43S
v1ELS84GQu8,If This Video Gets One Million Views.....,2013-09-07T02:28:05Z,13149515,1173583,71976,PT46S
ctJORnOjbrQ,These Were The Good Days....,2013-09-05T02:14:46Z,175850,4598,428,PT52S
-hrPQFaDVKQ,Channel Update.,2013-08-16T20:34:58Z,176964,4688,425,PT2M42S
bIZ5_L1ru2w,Funny Noob Tubing Reaction Montage!,2013-08-16T03:04:45Z,125590,3692,427,PT2M29S
yyssjJEJMt4,"Minecraft, How To Grief Without Being Seen!",2013-08-14T21:39:31Z,343541,17950,1486,PT1M3S
2bwPntvb90U,Buried Round 50 Gameplay! Black ops 2 Zombies.,2013-08-12T22:49:16Z,139703,4465,448,PT1M22S
Wz1VHTZq16c,Minecraft Let's Play Ep. # 2 - Having Fun and Derping!,2013-08-12T01:53:18Z,185656,7310,823,PT14M58S
Cs-kyTJso-A,Worlds Biggest Ball Of TNT Minecraft!  Challenge Video!,2013-08-09T23:45:05Z,612200,18970,1618,PT1M45S
jkqd-oc0F00,"How To Get A Gaming Partnership, And What It Is.",2013-08-08T21:25:32Z,99799,3693,643,PT6M49S
mVkT6Cd9SoI,Camping Montage.... LOL,2013-08-05T21:12:41Z,102378,3542,515,PT3M20S
rffyxTTNkyk,Black Ops 2! Mini Update Video.,2013-08-05T02:55:37Z,99276,4067,851,PT3M55S
OOesLeO6-pc,Randomness,2013-08-02T22:16:42Z,99885,4237,840,PT5M18S
Q5lcjP6XlHw,203 Kill Game! Thanks For 300 Subscribers!,2013-08-01T19:36:50Z,159384,6031,1018,PT4M26S
sE3ZZmYotSs,Call of Duty Ghost Multiplier Reveal Trailer Release Date!,2013-07-30T20:51:42Z,118737,4115,580,PT3M50S
pUwUAtmBKxw,Insane Black Ops 2 HACKER!!!!,2013-07-30T02:45:21Z,239206,6613,665,PT5M59S
p5rGgPZtjDw,Top Subscribed To Channels? BO2 w/ commentary!,2013-07-28T20:50:09Z,122037,4596,784,PT5M39S
bWDmDsdvoBs,Career Ender ....  LOL,2013-07-28T17:13:58Z,147732,4235,517,PT26S
OJA1QK-j-Oo,I Bought A New Microphone!  (quality test),2013-07-27T23:25:01Z,158399,5139,578,PT2M55S
KL1X8NsVGd0,Top 10 Worst Guns in Call Of Duty History!,2013-07-25T21:36:56Z,203475,7335,667,PT4M19S
q2HoSwCMcZw,Black ops 2 Patch news!,2013-07-24T20:35:32Z,139346,4974,781,PT3M53S
RRknlgRqOds,Black ops 2 Invisible equipment and scorestreak glitch!,2013-07-21T18:26:36Z,171609,5500,583,PT2M27S
j93M46a-W3U,I'm Back! Update Video....,2013-07-19T23:41:14Z,190170,6731,726,PT3M24S
uqjfMNEWNIg,Minecraft Let's Play! Ep. 1. The Beginning!,2013-07-08T20:03:41Z,684195,24559,2563,PT18M27S
X-g9aT2wFjM,Channel Trailer....,2013-07-06T18:17:45Z,267275,9857,867,PT49S
pHKlrJeKmjA,Black ops 2 Shotgun gameplay w/ commentary....  Ps4 or Xbox?,2013-07-06T00:13:48Z,243761,6618,796,PT6M2S
C82suucz4i4,Black ops 2 Gameplay w/ commentary. Hipsters,2013-07-03T17:48:10Z,349965,11958,871,PT4M21S
H_DYlka7QAQ,Project Zomboid Let's Play ep [04] lots of stuff,2013-06-18T15:51:26Z,140765,5702,885,PT15M45S
ov0KQthQ50U,Project Zomboid Let's Play ep. [03] Looting and storing.,2013-06-17T02:17:34Z,136016,5525,1042,PT24M34S
MC-7ziNt_U4,Project Zomboid let's play ep. [02] Just some chores.,2013-06-15T19:54:37Z,136379,5815,1009,PT14M20S
PNsF1Uh5yP8,Project Zomboid Lets Play ep [01] Roughing it out!,2013-06-15T00:03:38Z,235897,8608,859,PT19M54S
9Y2sAtN5yRs,Gunpowder plus mod! (Grenade mod) Epic explosions for minecraft.,2013-04-21T18:04:39Z,215017,8020,816,PT2M38S
-z349CGAOXs,Horse racing map for new update! (minecraft),2013-04-21T16:37:08Z,201670,7687,879,PT1M28S
pl4xmh3RWfE,Amazing minecraft Cathedral!,2013-04-21T01:36:32Z,399858,13615,1240,PT58S
6z5RwrvnH28,Huge WW2 jeep! Minecraft creations.,2013-04-21T00:52:21Z,583036,18266,1916,PT1M4S
ivdQqobHDPc,Story time!,2013-04-18T01:54:48Z,590177,20084,1589,PT3M13S
uUIlb2rpIuY,Epic Minecraft city! (w/ download link!),2013-04-11T01:00:01Z,361446,11175,1060,PT2M34S
Ros1PpcO5Js,Pokemon online battle #9 [rb] Hidden power ice ftw!,2013-04-07T00:03:02Z,185344,7619,783,PT5M19S
KYv1nqutbK0,Pokemon online battle #8 Stone edge,2013-04-05T01:21:12Z,179459,8649,1582,PT5M27S
7Yi-ctyTNU4,Online pokemon battle #7 [uu] 5-0,2013-04-04T01:43:46Z,231535,10088,931,PT4M21S
VN2-3OfUzd8,Magic karp sweeps whole team of LEGENDARIES!!!,2013-04-01T23:26:03Z,189645,7749,916,PT3M35S
-2IFrMOM36w,Pokemon online battles #5 [uu] Heracross never seems to dissapoint me...,2013-03-31T20:49:28Z,187296,8734,1199,PT4M28S
7dIFHQkrASM,This is a detailed break down of my favorite UU team... ENJOY!,2013-03-29T23:14:45Z,200471,8650,1002,PT9M24S
QicO1Gd0kvU,Pokemon online battle #4 [uu] Same old team,2013-03-28T17:22:43Z,237013,0,1054,PT4M39S
yFfcsmK2TOA,Online pokemon battle #3 [uu] Ice punch,2013-03-27T19:57:08Z,201042,0,1402,PT3M25S
Jl0-6tbNGBo,Pokemon online battle #2 [uu] Herracross w/ Dat MOXIE BOOST,2013-03-26T16:58:32Z,292762,0,1233,PT2M49S
IAbX0FwX-GY,Why I Haven't Been Uploading,2013-03-25T20:10:38Z,813475,0,1755,PT6M3S
XKSJRulqDNA,Most Epic Thing In Minecraft!?!?!?!?!?!!?????,2013-03-10T22:19:14Z,425093,17377,1833,PT4M33S
jysfHFHNjYQ,Epic minecraft apartment complex!,2013-01-27T18:25:46Z,535117,22021,2220,PT53S
Yox25V8Qsm4,Crazy Illulsions In Minecraft. (Bigre),2013-01-27T02:11:30Z,688240,24689,2581,PT2M35S
clcN3OA8SNw,Best Minecraft Castle Ever?,2013-01-27T01:52:40Z,394517,19233,2254,PT3M42S
m3lTwO0aNyw,How to get unlimited diamonds! minecraft (x-ray),2013-01-26T19:34:43Z,577204,24420,2215,PT2M14S
gchqnwXlxJw,Drinks in minecraft (mod),2013-01-26T16:26:34Z,556407,0,1781,PT43S
atCPtw4dg7g,Emerald tool mod! (minecraft),2013-01-23T22:34:58Z,537669,25020,2286,PT49S
t8aM4HuVLrQ,This is a block? Since when lol.,2013-01-21T22:30:09Z,841566,32890,4241,PT52S
M82VAcabSiA,Scary minecraft pig skin!,2013-01-13T16:53:17Z,1053738,36721,3214,PT29S
7qj3nuF9Dzw,Most Epic minecraft skin EVER  (Psy),2013-01-13T01:59:21Z,1171045,42808,3585,PT31S
Y74b7WlcEpk,More birds IN MINECRAFT!!,2013-01-12T23:35:45Z,1310582,48037,3811,PT2M6S
Z8nEEdXTaX0,Boxy item mod Minecraft.  EPIC,2013-01-12T22:34:11Z,1543744,56620,4270,PT1M30S
jP82d277Cc8,Harry Potter Mod In Minecraft! EPIC MUST SEE MOD!!!,2012-03-09T23:29:03Z,5809482,0,9243,PT3M59S
2XVcLrB7B3Y,Worst Minecraft Saw Trap Ever???,2012-02-20T22:42:32Z,29670534,1284547,132424,PT2M37S
